V1,V2,V3,V4,V5,V6,V7,V8,V9,V10,V11,V12,V13,V14,V15,V16,V17,V18,V19,V20,V21,V22,V23,V24,V25,V26,V27,V28,V29,V30,V31,V32,V33,V34,V35,V36,V37,V38,V39,V40,V41,V42,V43,V44,V45,V46,V47,V48,V49,V50,V51,V52,V53,V54,V55,V56,V57,V58,V59,V60,V61,V62,V63,V64,V65,V66,V67,V68,V69,V70,V71,V72,V73,V74,V75,V76,V77,V78,V79,V80,V81,V82,V83,V84,V85,V86,V87
-0.56368,-0.461713,-0.509672,-0.415727,-0.439877,0.092857,0.147313,0.151195,0.053267,0.076242,0.158594,0.088775,-0.338101,-0.288614,-0.371955,-0.154007,-0.472067,-0.39009,-0.336965,-0.26325,-0.365931,-0.2952,-0.365485,-0.358937,-0.336863,-0.255069,-0.320925,-0.401311,0.0949122,0.087202,0.109818,0.281089,0.247378,0.803174,0.0505662,-0.0457162,0.096691,0.112224,0.029812,0.087608,0.151848,0.058942,-0.043555,0.194439,0.064818,0.198126,0.226132,-0.0163324,0.11783,0.080524,0.073006,0.090934,0.097637,0.154173,0.095347,0.062312,0.088286,0.173059,0.167084,0.202129,0.13449,0.197209,0.1491644,0.025363,0.186631,0.198398,0.077633,0.119858,0.103352,0.153663,0.036078,0.06372,-0.188132,0.230195,0.113987,0.198185,0.129914,0.131169,0.101262,0.14663,0.072382,0.049104,0.014367,0.159575,0.071972,0.082194,-0.020112
-0.006040333,-0.047942,0.179029,-0.000196,-0.069329,-0.017983,0.093184,0.0657,0.007464,0.051468,0.04809225,-0.076443,0.03985,-0.018259,-0.038156,0.0114006,-0.112201,0.047646,0.125187,0.030017,0.064605,0.0284068,0.027234,-0.146133,0.007758,0.039786,-0.148399,0.019754,0.266683,-0.013657,0.060171,0.060092,-0.122217,0.079336,0.107666,0.113273,-0.001011,-0.033831,-0.01101,-0.023936,0.009859,-0.088847,-0.025504,0.095527,0.068922,0.058155,0.020221,0.119081,0.056256,0.104529,0.025449,-0.013528,-0.105056,0.126217,0.227829,0.131203,0.285387,0.218835,0.297518,0.250923,0.281229,0.288958,0.187824,0.2526532,0.362111,0.313079,0.690595,0.569841,0.676809,0.70542,0.707629,0.742133,0.04043,0.225656,0.031465,0.165842,-0.068034,0.032575,0.104112,0.12994,0.008077,0.150169,0.001248,-0.001907,0.0368244,0.034198,-0.0727252
-0.1612,-0.035927,-0.206699,-0.102137,-0.143405,-0.062561,-0.225049,-0.12737,-0.138073,-0.164326,-0.18303,-0.08886,0.044342,0.056449,-0.120617,-0.049899,-0.077674,-0.118081,-0.152128,-0.061569,-0.03509125,0.038047,-0.14366,-0.291146,0.019153333,-0.229421,0.248834,0.417146,0.093405,-0.16304,-0.118508,-0.17741,-0.071058,0.008042,0.2750318,-0.072419,-0.148395,-0.011676,-0.154455,-0.059747,-0.130051,0.044007,-0.038978,-0.020567,-0.077759,-0.10511,-0.069205,-0.028122,-0.03996,-0.414264,-0.14998,-0.063607,-0.038969,-0.052983,0.646388,0.655263,0.45314,0.381793,0.085804,0.226883,0.050523,0.087647,0.044304,0.164388,0.132986,0.235059,0.131719,0.12139,0.077686,0.057655,0.1399,0.11977,-0.054918,0.181573,0.153846,0.19516,0.169347,0.089781,0.109456,-0.030275,0.019272,0.135893,0.127459,0.144593,0.106713,0.131827,0.168239
-0.091149,-0.034939,0.197812,-0.115287,0.016659,0.180452,0.211693,0.132007,0.109706,0.111716667,0.174717333,0.022691,-0.11432,-0.16987725,-0.375621,0.0394,-0.149118,0.094833,0.102619,-0.160982,-0.135213,-0.053388,0.056296,-0.25923,0.058452,-0.120536,-0.24965,-0.058959,0.145768,0.002631,0.055113,-0.128744,-0.29317,-0.048139,-0.072874,-0.04175,0.010502,-0.156051,-0.03685,-0.194552,-0.029712,-0.246208,-0.301271,0.046722,-0.165965,-0.12076,-0.100329,0.019812,-0.098513,0.193032,-0.049043,-0.280749,-0.50618,-0.008169,-0.009822,0.016327,-0.091652,0.021141,0.006769,-0.061036,-0.036099,-0.080271,-0.069043,-0.0724308,-0.025918,-0.018813,-0.0450772,-0.102849,0.013034,-0.100937,-0.057829,-0.106679,-0.108164,-0.01202,-0.222256,0.084725,-0.033471,-0.012458,0.059426,-0.035606,-0.042916,0.147296,-0.031562,0.015197,0.0295116,0.0343,-0.137622
0.0255156,0.140634,0.262668,-0.050273,0.222171,0.01197,0.096942,0.086065,0.090518,0.113804,0.0798598,-0.130598,-0.162676,0.13457,0.03254,0.0812822,-0.195976,0.207052,0.087099,-0.025968,-0.176624,-0.063359,0.134173,-0.198784,0.083871,-0.065531,-0.148377,0.094942,0.1076512,0.036894,-0.144463,0.098962,0.072639,0.018783,-0.023253,0.078497,0.021816,-0.064982,0.121195,-0.025556,0.075307,-0.027172,0.13361,0.271492,-0.039838,-0.060133,0.063697,0.064631,0.171712,0.303393,-0.150798,0.030262,-0.233763,0.27139,0.067901,0.064637,0.23938,0.082739,-0.155345,0.086663,-0.010416,-0.118435,0.061422,0.0259418,0.069286,-0.050317,0.02973,-0.040932,0.0598358,0.343463,-0.070508,0.145183,-0.288069,0.006664,0.27573575,0.168129,0.161338,0.17744,0.151837,0.031412,0.031766,0.164764,-0.031411,-0.048493,0.082132,0.207031,-0.459304
-0.2055165,-0.190449,-0.137388667,-0.176176,-0.168332,-0.214534,-0.128876,-0.167326,-0.1203838,-0.093064,0.041337,-0.238947,-0.277455,-0.232905,-0.224674,-0.165529,-0.248153,-0.11622,-0.127614,-0.244374,-0.255173,-0.211067,-0.118765,-0.357181,-0.099678,-0.240504,-0.109562,-0.159707,-0.287117,0.029226,-0.040057,-0.045662,-0.227819,0.104205,0.055487,0.181482,0.150292,0.120373,0.024932,0.106198,0.193788,0.058254,0.081387,0.1396074,0.039017,0.155631,0.188283,0.174221,0.24228,-0.1090708,0.009897,0.098429,-0.318764,0.17664,0.199753,0.163844,0.175479,0.174252,0.099081,0.231829,0.151722,0.172259,0.222495,0.2153046,0.254754,0.224007,0.1491,-0.0095,0.135953,0.154418,0.1299282,0.245296,-0.136828,0.244787,0.251464,0.268283,0.153953,0.226397,0.184258,0.102013,0.089205,0.060064,0.041679,0.165767,0.201749,0.141605,0.230171
-0.415023,-0.382897,-0.278607,-0.409576,-0.24711,-0.421407,-0.252761,-0.274159,-0.319838,-0.324876,-0.283387,-0.318796,-0.307686,-0.293945,-0.151447,-0.24511,-0.303701,-0.310885,-0.304672,-0.395263,-0.2965578,-0.218817,-0.369726,-0.520361,-0.287091,-0.27336,-0.355622,-0.309025,0.093164,-0.307694,-0.333288,-0.34869,0.079434,0.045406,0.16709925,0.079273,0.081288,0.07264,0.13391,0.023227,0.093196,0.101792,0.075166,0.053566,0.05847,0.027205,0.085176,0.107316,0.225448,0.201605,-0.104808,0.162662,-0.444771,0.077509,0.119333,0.055989,0.2026904,0.072851,-0.036529,0.150338,0.074109,0.12091,0.061457,-0.035574,0.0902572,0.141503,0.099466,-0.037021,0.130421,0.007151,-0.004344,0.14553,-0.146532,0.143216,0.147345,0.152837,0.142223,0.206731,0.173108,0.1393048,0.052551,0.121911,0.168186,0.086982,0.260482,0.154714,0.055041
-0.373057,-0.038701,-0.191825,-0.106142,-0.241853,-0.059979,0.257137,-0.1203486,-0.255787,-0.131332,-0.028724,-0.125921,0.052586,-0.007995,-0.230435,-0.041596,-0.110581,-0.131887,-0.084834,-0.108637333,-0.0683315,0.010665,-0.054663,-0.267583,-0.010072333,-0.171368,0.130486,-0.13362,-0.0465175,-0.122554,0.027515,-0.3758,-0.201885,0.000141,-0.041856,-0.120664,-0.073548,-0.043123,-0.077486,-0.186495,-0.075446,-0.122914,-0.283755,-0.092925,-0.1124688,-0.056517,-0.149964,-0.047873,-0.036495,0.046302,-0.017495,-0.080589,-0.515054,-0.0746,-0.114702,-0.107319,-0.211666,-0.049063,-0.135544,0.032322,-0.003061,0.005344,-0.016986,-0.042367,-0.100999,-0.09515,-0.115636,-0.150766,-0.002383,-0.214923,-0.169216,-0.174479,-0.021992,0.020072,-0.042871,-0.014369,-0.108487,-0.123933,-0.07876,-0.209974,-0.10744,-0.28612,-0.216079,-0.083064,-0.200967,-0.17254,-0.227397
-0.348781,-0.289238,-0.422304,-0.353456,-0.346491,-0.36487,-0.423892,-0.3158708,-0.323424,-0.296548,-0.282731,-0.311781,-0.217006,-0.221017,-0.211815,-0.252192,-0.338579,-0.355207,-0.409119,-0.2801242,-0.283616,-0.272129,-0.364285,-0.4198,-0.279605,-0.335179,-0.133206,-0.352164,-0.308962,-0.09801,-0.002705,0.213857,0.300584,0.232021,0.194705,0.132504,0.129947,0.179737,0.205916,0.294216,0.107686,0.281299,0.23656,0.200235,0.280759,0.223685,0.153932,0.199745,0.216835,-0.3160288,-0.031445,0.234123,-0.02865,0.244896,0.059956,0.121807,0.255846,0.24295,0.122822,0.214155,0.139105,0.218473,0.083103,0.105057,0.247064,0.209053,0.217902,0.237546,0.065996,0.077052,0.135369,0.383579,-0.147791,0.00842,-0.068825,0.013915,-0.064783,-0.058835,-0.128203,-0.16302,-0.121582,-0.030795,-0.079259,-0.109147,-0.0611,-0.108861,-0.029011
-0.757763,-0.622215,-0.77649,-0.528166,-0.566647,-0.607246,-0.684198,-0.6172614,-0.61022,-0.604931,-0.569906,-0.694004,-0.539091,-0.423965,-0.459402,-0.536923,-0.666803,-0.689333,-0.680629,-0.5294016,-0.594336,-0.40079,-0.720539,-0.855611,-0.664314,-0.685143,-0.320266,-0.30844,0.27681775,0.343226,-0.217964,-0.13193,-0.019018,0.130466,0.067704,-0.288632,-0.100521,-0.188571,-0.076561,-0.271135,-0.351508,-0.123034,-0.07671,-0.25064,-0.274776,-0.214623,-0.304693,-0.278284,-0.137781,-0.514529,0.03171,-0.161646,-0.088712,-0.29303,0.077454,0.039772,1.260834,1.146235,0.706054,0.3738,0.616459,0.524952,0.960179,0.624242,0.88824,0.6055386,0.865906,1.829675,2.166411,1.784239,1.78505,0.211488,-0.341002,0.496204,0.323865,0.248042,0.246282,0.133575,0.103635,-0.003225,0.035511,0.312905,0.330592,1.176325,0.375349,1.314786,0.63506
-0.054936,-0.028607,-0.017678,-0.119086,-0.027925,-0.013197,-0.05163,-0.019352,-0.06221,-0.024157,-0.096365,-0.0293682,0.068137,-0.10409,0.022431,0.03934,-0.084059,-0.062618,-0.031864,0.089864,0.0071686,-0.025503,0.054095,-0.057497,0.030285,-0.095825,-0.022872,-0.002831,-0.025175,-0.050328,-0.065606,-0.118029,0.040838,0.012064,-0.052925,0.002596,-0.07716,0.035509,-0.243568,-0.024327,-0.030383,-0.129092,-0.03898,0.028299,0.012272,-0.045325,-0.121239,0.022764,0.030287,-0.110913,0.081758,-0.033622,0.229015,-0.037865,-0.063359,-0.055929,0.033121,0.122039,-0.025222,-0.020232,-0.044299,0.024735,-0.024754,-0.023231,0.006129,0.124917,0.008964,0.09151,-0.160835,-0.017317,-0.07393,0.001109,0.02175,-0.105658,-0.046358,0.04832,0.040813,0.039772,-0.016171,-0.06732,-0.044692,-0.045263,-0.038719,-0.021606,-0.057998,-0.027732,-0.09424
0.079447,0.046506,0.217211,-0.016372,0.095215,-0.076025,-0.021758,0.074497,0.115454,-0.018152,-0.002362,0.037151,-0.002842,-0.091607,-0.096722,0.167032,0.0887,0.073378,0.051081,-0.009271,0.035409,0.019476,-0.049024,-0.012203,0.081879,-0.036138,-0.039409,0.034862,-0.030872,0.007704,-0.013204,-0.030686,0.01932,-0.058916,-0.016327,0.085974,-0.018622,0.281586,0.027901,-0.008129,0.130463,0.213444,-0.050453,0.167884,0.092008,-0.139698,-0.055692,0.002959,0.034237,0.241225,-0.001507,-0.09077,-0.080447,-0.044852,0.024125,0.053042,0.237537,0,-0.047145,0.164353,-0.065318,-0.094586,-0.052027,0.045675,0.079003,-0.020944,-0.07096,0.061926,0.012438,-0.018174,-0.105024,0.061613,-0.017656,-0.038609,0.021826,0.101883,0.068524,0.084826,0.105326,-0.066838,0.093624,0.074013,0.139186,-0.048354,0.33121,0.118117,0.001737
-0.397974,-0.393009,-0.336226,-0.397611,-0.36718,-0.464504,-0.333908,-0.354766,-0.275238,-0.295816,-0.3448464,-0.330975,-0.371427,-0.381759,-0.410256,-0.167962,-0.32969,-0.321255,-0.378209,-0.403528,-0.398339,-0.22614,-0.403516,-0.36687,-0.237582,-0.230898,-0.305155,-0.333456,-0.017118,0.184766,0.012091,0.266539,-0.339609,-0.174781,-0.007962,-0.169003,-0.131195,-0.307612,-0.248711,-0.327397,-0.336422,-0.304776,-0.314551,-0.24099,-0.21416775,-0.36341,-0.306944,-0.181811,-0.192334,0.080334,0.158012,-0.201325,-0.656683,0.081917,-0.273849,-0.222408,0.127858,0.091984,0.170466,0.1571172,0.20753,0.158764,0.1137,0.064067,0.241525,0.224924,0.18907,0.158025,0.233915,0.19244,0.140274,0.231678,-0.188284,0.275436,0.136154,0.169009,0.15262,0.182949,0.284343,0.162389,0.122771,0.060195,0.15877,0.099036,0.245171,0.156462,0.152021
-0.504928,-0.458778,-0.331448,-0.218012,-0.33327,-0.344467,-0.07113,-0.292921,-0.32583,-0.237127,-0.200969,-0.359525,-0.27863,-0.306589,-0.389955,-0.219691,-0.227567,-0.32696,-0.204335,-0.2478624,-0.169304,-0.211946,-0.396082,-0.410793,-0.250095,-0.182359,-0.186775,-0.27419,-0.317014,0,0.064236,-0.137033,-0.240596,-0.020183,-0.018618,0.104571,0.039311,0.036353,-0.0353,-0.031414,0.096361,0.065638,-0.122959,-0.015613,0.110128,0.060718,0.127806,0.112788,0.118084,-0.342576,0.090134,0.045661,0.075441,0.187948,0.249364,0.184554,0.241454,0.349583,0.391765,0.461162,0.409979,0.4128316,0.263154,0.08167,0.506059,0.423804,0.380078,0.460607,0.504928,0.209911,0.377715,0.202854,-0.045789,0.440592,0.240124,0.200272,0.191857,0.220646,0.354821,0.194992,0.280876,0.365766,0.304554,0.398028,0.301981,0.220709,0.269186
-0.238231,-0.185259,-0.208537,-0.204986,0.181277,-0.176221,0.267559,-0.027681,0.022672,-0.022333,0.106124,-0.237678,-0.127028,-0.279447,-0.184466,0.222358,0.037316,0.052608,-0.016751,-0.331072,-0.296975,-0.128504,-0.068104,-0.01446,-0.083306,-0.102158,-0.327758,-0.047058,-0.217266,0.193038,0.127569,0.080064,0.046232,-0.030300333,0.047257,0.1671658,0.477526,0.120085,0.151184,-0.001738,0.515895,0.134189,0.070799,0.264315,-0.01058,0.117129,0.171242,0.365881,0.198875,0.15941,0.131346,0.059153,0.058732,0.242425333,0.444602,0.450487,0.148329,0.090778,0.13956775,0.2234584,0.2076,0.100041,0.309549,0.255312,0.24479,0.159852,-0.076427,0.041273,0.419247,0.460402,-0.156428,0.5433,-0.00611,0.222447,0.296443,0.314350667,0.254895,0.397988,0.290169,0.26001225,0.096997,0.185276,0.168662,-0.012261,0.509924,0.37158,-0.0213795
-0.413294,-0.363612,-0.463248,-0.21558,-0.118958,0.254475,-0.00704,0.251743,0.367209,0.060764,0.136797,0.321147,-0.321549,-0.353318,-0.373717,-0.303452,-0.417786,-0.475554,-0.508471,-0.415692,-0.3400002,-0.373463,-0.494589,-0.478839,-0.491931,-0.410685,-0.262206,-0.384836,-0.044779,0.184788,0.1354,0.268609,0.334967,0.216566,0.109638,-0.357107,0.104588,-0.412559,-0.356133,-0.396494,-0.418161,-0.389698,-0.412935,-0.380934,-0.422602,-0.488729,-0.520519,-0.366605,-0.359567,-0.257396,0.050099,-0.404769,-0.631337,-0.442765,0.573595,0.589652,0.804525,0.735553,0.465328,0.577041,0.503471,0.601918,0.495308,0.474152,0.615413,0.659484,0.669105,1.317026,1.566975,0.930677,1.146101,0.351842,-0.346906,0.540512,0.500404,0.453801,0.399428,0.05188,0.27974,0.213095,0.097663,0.303814,0.306972,0.35332,0.827518,0.699396,0.546399
-0.18042,-0.085531,-0.315976,-0.061192,-0.037795,-0.189167,-0.257473,-0.2417424,-0.105263,-0.390644,-0.388369,-0.135269,0.033538,-0.217666,-0.152398,0.029237,0.034316,-0.290557,-0.259167,-0.100508,-0.096036,-0.045422,-0.171295,-0.292997,-0.1266764,-0.266857,-0.124559,-0.07599,0.036062,-0.36126,-0.171615,-0.438549,-0.155844,0.141611,-0.004204,-0.110479,-0.132714,-0.115229,-0.1857,-0.183169,-0.15011475,-0.350203,-0.229196,-0.1224742,-0.128782,-0.190615,-0.1383745,-0.051866,-0.182235,-0.0198,0.012391,-0.194742,-0.080965,-0.12107,-0.261984,-0.118991,-0.23145,-0.202825,-0.355152,-0.156192,-0.181169,-0.197337,-0.059625,-0.134033,-0.327372,-0.048813,-0.15714,-0.041598,-0.207098,-0.380064,-0.377024,-0.053877,-0.010519,-0.220641,-0.253085,-0.075633,-0.079247,-0.157242,-0.192367,-0.35578,-0.195887,-0.163073,-0.276207,-0.211338,-0.273022,-0.247853,-0.294445
-0.403209,-0.277599,-0.26493,-0.253195,-0.262231,-0.310413,-0.292984,-0.216106,-0.282678,-0.223242,-0.183243,-0.249343,-0.233138,-0.149401,-0.136636,-0.165298,-0.204358,-0.265359,-0.210242,-0.152507,-0.194626,-0.129447,-0.322758,-0.529063,-0.174253,-0.179674,-0.110192,-0.234246,0.06273,-0.030955,0.023448,-0.039466,-0.045279,0.010770333,0.006692667,-0.175804,-0.221132,2.408611,2.246041,0.844621,-0.17463,-0.244703,-0.289016,-0.221916,-0.207382,-0.229286,-0.253745,-0.0885898,-0.152936,0.037801,0.065711,-0.23367,-0.385837,-0.297917,1.261406,2.350353,1.2630464,1.648049,0.955649,-0.137977,-0.14068,-0.1648706,-0.199326,-0.28758,-0.153009,-0.193361,-0.272893,1.264641,0.838298,0.804707,1.007936,0.556817,-0.119039,0.128379,-0.197879,-0.265025,-0.251065,-0.246546,-0.145295,-0.208658,-0.191726,-0.200874,-0.20145,-0.231498,-0.167766,-0.201489,-0.284366
-0.281873,-0.351401,-0.392825,-0.193716,-0.312037,-0.303845,-0.126741,-0.211908,-0.178721,-0.108894,-0.046988,-0.193726,-0.103017,-0.069798,-0.269769,-0.2752475,-0.2201055,-0.307162,-0.269883,-0.211079,-0.141042,-0.155278,0.1838,0.180149,-0.0895252,-0.196389,0.256162,-0.316761,-0.041324,0.299654,-0.037989,-0.073412,-0.079938,0.039824,-0.055108,0.007023,-0.042513,-0.031961,0.174432,0.065047,-0.048563,-0.022068,0.021985,-0.032469,0.042847,0.020591,-0.016526,0.006062,0.038861,-0.002983,0.022075,-0.002043,-0.079544,0.047233,-0.019732,-0.087064,0.047603,0.0049202,0.114182,0.035625,0.014295,-0.030388,-0.055408,0.001634,0.003502,0.077513,0.034316,-0.088707,0.050104,-0.011979,0.018516,0.043906,0.00866,-0.060666,-0.083382,-0.088478,-0.09951,-0.090396,0.028554,0.044366,-0.046871,-0.093892,0.076202,-0.067092,-0.006713,-0.010288,0.0922172
-0.326222,-0.359162,-0.268965,-0.283978,-0.037019,-0.254473,-0.060406,-0.131907,-0.086958,-0.212141,-0.072956,-0.246479,-0.180231,-0.403786,-0.393822,-0.0633086,-0.017063,-0.056505,-0.074049,-0.221089,-0.263964,-0.50735,-0.300614,-0.347454,-0.204071,-0.199869,-0.074048,0.157403,0.063966,0.751842,-0.187855,-0.328705,-0.313556,-0.141887,-0.124731,0.468201,0.193192,0.794688,1.207334,0.732583,0.890876,0.268882,0.714297,0.072451,0.073043,0.92143,1.047425,0.063934,-0.437324,0.336806,-0.089281,-0.393725,-0.373402,-0.093001,-0.04253,-0.019955,1.079746,0.917018,1.708821,1.523355,1.425445,1.723714,1.231991,1.3712224,1.90521,2.048169,1.269624,1.921551,1.153117,1.534551,1.399438,0.242286,-0.129856,0.044395,0.120975,0.578669,0.192397,0.26853,0.252168,0.060649,0.145708,0.385947,0.196834,0.062951,0.337388,0.269616,-0.0809785
-0.0439548,-0.029399,0.209086,-0.041548,0.183006,0.055375,0.138226,0.039023,0.206799,0.052663,0.072153,-0.020495,0.031251,0.078408,-0.005676,0.1071938,0.111454,0.100082,0.102404,-0.099424,-0.0242658,-0.005932,0.158627,0.001217,-0.028242,0.018687,-0.101935,-0.004061,-0.052678,0.136551,0.125373,-0.056971,-0.0572,0.051036,0.075763,0.089921,0.137719,-0.017123,-0.037926,0.03942525,0.142829,0.168994,-0.051879,0.14535,-0.036005,-0.04751,0.000815,0.10224,0.054616,0.177945,-0.0308074,-0.021506,-0.023522,0.135267,0.115311,0.111502,0.101913,0.014863,0.005547,0.254609,-0.002799,-0.096769,0.034271,-0.0065176,0.007355,0.021491,-0.017031,-0.019877,0.126946,0.171288,-0.011309,0.152651,-0.02330825,-0.068503,0.06505,0.477785,0.197104,0.182751,0.258325,0.14599,0.10653,0.50321,0.2361538,-0.047239,0.225173,0.166714,0.1039878
-0.012213,0.043459,-0.172895,-0.053666,-0.036343,-0.109488,-0.346116,-0.073095,0.029907,0.041647,-0.064705,-0.00127,-0.050128,-0.266744,-0.074922,-0.029191,0.074507,-0.243762,-0.280581,-0.064055,-0.1135902,-0.32518,-0.34917,-0.13224,-0.072524,0.060787,-0.15091525,-0.15403,-0.383436,-0.309786,-0.255188,-0.058511,0.023021,-0.123605,-0.143227,0.309566,-0.309031,0.489619,0.451351,0.486499,0.275705,0.456339,0.480534,0.321128,0.304134,0.089693,0.158552,0.227752,0.200653,-0.1435592,0.273788,0.293319,-0.146526,0.321413,0.178137,0.299628,0.559833,0.462138,0.139187,0.222048,0.167129,0.129891,0.175113,0.205526,0.152842,0.217176,0.358068,0.301771,0.148618,0.15336,0.191686,0.335666,-0.192001,0.131796,-0.151349,-0.120769,-0.109566,0.109436,0.045669,-0.049498,-0.11087,0.120658,0.156699,0.105554,0.177637,0.027579,0.204249
0.004682,-0.026056,0.16636,-0.143193,0.111265,-0.175852,0.086142,0.082265,0.096079,-0.03278,0.036022,-0.140637,0.079475,0.065577,-0.012936,0.131923,0.006482,0.07167,0.025662,-0.055675,0.028541,0.120546,0.03657,0.061013,0.007642,-0.115003,0.17441,0.094433,0.002513,0.605622,0.140567,2.202437,2.270718,2.33285,2.094654,-0.325566,2.238603,-0.560171,-0.300076,-0.52931,-0.221179,-0.404439,-0.527214,-0.325606,-0.495795,-0.503337,-0.525074,-0.154263,-0.276998,0.205579,-0.011353,-0.366315,-0.431071,0.054247,0.392944,0.447166,1.045985,0.80124,1.587533,0.0718472,-0.061957,-0.189343,-0.282276,0.344928,0.547884,0.362366,2.59505,1.219706,2.330863,2.225869,1.281069,1.533205,0.093883,0.566184,2.605846,0.894774,0.170373,0.26257,0.1236794,-0.359156,-0.307308,-0.350164,-0.465477,-0.567656,0.2964512,-0.377298,-0.547369
-0.145414,-0.370705,-0.368341,-0.218787,-0.260185,-0.175912,-0.32265,-0.174958,-0.152033,-0.186515,-0.200421,-0.195209,-0.136724,-0.273929,-0.360887,-0.18717,0.104145,-0.433574,-0.35319,-0.2734434,-0.277921,-0.205862,-0.356721,-0.264115,-0.30376,-0.280286,-0.26246,-0.180331,-0.177346,-0.339865,-0.106541,-0.312256,-0.329608,-0.174962,-0.122316,-0.207651,-0.322005,-0.172082,-0.153231,-0.232223,-0.303591,-0.170122,-0.278485,-0.231285,-0.240441,-0.17860325,-0.26225525,-0.333589,-0.1714,-0.249864,-0.305717,-0.312688,-0.505463,-0.204787,-0.245012,-0.290217,-0.172864,-0.159267,-0.319604,-0.302098,-0.258798,-0.327992,-0.24495,0.006201,0.10885,-0.1547674,0.208616,0.229047,0.0277,0.015071,0.087079,0.168179,-0.20911,0.109733,0.1381,0.175901,0.440265,0.143418,0.091721,-0.019989,0.2274034,0.430757,0.327074,0.458957,0.458272,0.307454,0.536646
-0.115017,-0.105749,-0.001126,-0.205522,0.233258,-0.074857,0.003452,0.022434,-0.035663,-0.057965,-0.054066,-0.089874,0.007338,-0.080095,-0.059385,0.1520962,0.26037,0.194245,0.050174,-0.148409,-0.0378,-0.112548,0.181462,0.06188,-0.056452,-0.169344,-0.154574,0.046567,-0.09394,0.22057,0.018042,0.029723,0.016205,0.020795,0.100093,0.239709,0.160812,1.00018,1.85845,-0.025333,0.381948,0.250613,0.059224,0.300271,0.010172,-0.037956,0.208089,0.092936,-0.010585,0.293661,-0.129189,0.030371,0.015573,0.187064,0.20759,0.352811,0.176166,-0.071393,-0.009537,0.094237,0.094854,-0.037079,0.178761,0.0540836,0.131064,-0.025169,-0.064618,-0.08984,0.061013,0.154804,-0.034357,0.157686,0.0007282,-0.106173,0.143551,0.447075,0.286465,0.056077,0.092189,0.169204,0.110997,0.327341,0.122663,-0.027601,0.152726,0.260157,0.06463925
-0.226096,-0.269715,-0.146537,-0.293761,-0.065637,-0.12308,-0.269743,-0.14996,-0.189902,-0.190083,-0.029115,-0.204275,-0.044813,-0.162798,-0.200145,0.121886,0.000255,-0.019621,-0.106108,-0.211782,-0.209358,-0.207189,0.058804,0.093905,-0.131739,-0.120095,-0.112836,-0.113659,-0.223627,0.080211,0.109448,-0.03348,-0.103584,0.500583,0.498038,-0.119104,0.36708,1.17889,2.055192,0.66927,0.035899,0.206466,-0.221057,0.097964,-0.156923,-0.154123,-0.062754,-0.036971,-0.168901,0.067064,-0.083266,-0.177061,-0.066138,-0.021882,0.006434,-0.043598,-0.082363,-0.134611,-0.169505,0.118674,0.104398,-0.03971,0.066089,0.034085,-0.020686,-0.174936,-0.0670532,-0.186117,0.05927,0.073331,-0.10182,-0.074962,-0.0371082,-0.167766,0.061236,0.067294,0.012931,-0.101032,-0.155345,-0.049918,-0.032796,0.026652,-0.15123,-0.19517,0.001199,0.050172,-0.109067
-0.23495,-0.092713,-0.320418,-0.172221,-0.174439,-0.232658,-0.448266,-0.211635,-0.234376,-0.331207,-0.35575,-0.155475,-0.3050025,-0.289479,-0.285038,-0.173961,-0.214486,-0.39143,-0.381656,-0.278575,-0.286924,-0.411862,-0.417876,-0.395363,-0.357352,-0.299904,-0.218645,-0.309288,-0.376733,-0.070757,-0.056507,0.114953,0.034951,0.105075,0.080352,0.063126,-0.066357,0.093586,0.177626,0.160796,0.009456,0.177311,0.129897,0.1787906,0.02226,0.03777425,-0.010516,-0.168242,0.072884,-0.144391,0.001182,0.061279,0.5898,0.372188,0.231232,0.308261,0.502023,0.435684,0.19863,0.325416,0.263979,0.272653,0.197858,0.174382,0.284981,0.33116,0.398634,0.198568,0.226346,0.121988,0.236934,0.344523,-0.253273,0.282804,0.342202,0.382821,0.224695,0.350417,0.245934,0.110696,0.031639,0.305212,0.36446,0.322307,0.328682,0.218096,0.447486
-0.354424333,-0.351885,-0.230172,-0.410816,-0.198382,-0.459116,-0.35676,-0.365928,-0.35669025,-0.403335,-0.39628475,-0.574331,-0.512475,-0.452897,-0.341688,-0.2952942,-0.420027,-0.227731,-0.264403,-0.300572,-0.497751,-0.3368138,0.113943,-0.130383,0.037545,-0.239572,-0.28816875,0.021731,-0.308904,0.035807,-0.209772,0.030559,0.15441,-0.023378,0.0904628,0.134664,-0.07029,-0.110638,0,-0.131683,0.05359,-0.00775,0.134322,0.237406,0.009051,0.086548,0.188921,-0.053259,-0.16376,0.000482,-0.234659,-0.067851,-0.50532,0.132595,0.079109,-0.120747,0.316894,0.083427,0.1439746,0.263356,0.171303,0.106321,0.231303,0.117131,0.1591115,0.095466,0.106176667,0.001239,-0.000822,0.286613,-0.049,0.204473,-0.478941,0.198882,0.063884,0.199398,0.132167,0.218594,0.109834,0.1278278,0.053037,0.125507,0.08543,0.061935,0.346199,0.282968,-0.383397
-0.427665,-0.400405,-0.270995,-0.391052,-0.36791,-0.162511,-0.23702,-0.202533,-0.203976,-0.049609,-0.114833,-0.230664,-0.31551,-0.269605,-0.331734,-0.181878,-0.315975,-0.217402,-0.355948,-0.340767,-0.371502,-0.37532,-0.321093,-0.261544,-0.234227,-0.11288,-0.336509,-0.272985,0.068923,-0.035703,0.27579,0.502793,0.133221,-0.021724,0.045771,-0.0248824,-0.235405,0.2064612,0.397782,0.164741,0.091359,-0.187521,-0.363031,-0.206537,-0.313117,-0.3377,-0.412925,-0.201041,-0.360809,0.176751,0.091884,-0.363831,-0.610738,-0.281825,-0.270347,-0.249204,0.133461,0.09206,0.396805,0.594184,0.456921,0.506648,0.370043,0.337774,0.576526,0.458029,0.450972,0.701211,1.102013,0.907586,0.591092,0.454703,-0.02011,-0.4373,-0.40533,-0.253412,-0.290372,-0.399537,-0.265672,-0.281125,-0.28924,-0.290178,-0.28249,-0.297775,-0.258329,-0.251644,-0.330849
-0.242875,-0.341935,0.202345,-0.254445,0.045483,-0.327727,0.282743,-0.217372,-0.156367,-0.253848,-0.157227,-0.420597,-0.222334,-0.233285,-0.250581,0.355908,-0.100175,0.09074,0.305913,-0.305858,-0.287385,-0.26414,-0.008831,-0.118643,-0.323985,-0.396547,-0.213081,-0.214562,0.017213,0.110729,0.177249,-0.064714,-0.24463,0.171691,0.075619,0.34815,0.034533,-0.292496,-0.1659,-0.277585,-0.053136,-0.228154,-0.192646,0.291235,-0.262236,-0.038736,-0.141304,0.128249,-0.228906,0.286051,-0.091025,-0.243461,-0.2145208,0.391327,0.524848,0.197161,0.284024,0.216643,0.166154,0.165745,0.364008,0.085856,0.136366,0.083967,0.214956,0.093518,0.201531,0.133187,0.408141,0.464369,0.048094,0.502529,-0.172457,0.03727,0.337261,0.300157,0.2395,0.407446,0.608984,0.3672036,0.454866,0.125222,0.210865,0.116467,0.5701,0.615249,0.313194
-0.141487,-0.082292,-0.183891,-0.142616,-0.181661,-0.146388,-0.235379,-0.161073,-0.209628,-0.235015,-0.265552,-0.093905,-0.1226868,-0.149086,-0.188541,-0.072071,-0.131419,-0.192121,-0.20098,-0.143682,-0.023629,-0.170973,-0.229707,-0.225148,-0.132534,-0.289469,-0.207224,-0.196644,0.088692,-0.20715,-0.201583,-0.101937,0.079185,-0.121341,-0.123455,-0.146865,-0.218393,-0.136194,-0.082744,-0.082873,-0.191585,-0.099959,-0.090462,0.0230826,-0.093117,-0.238238,-0.233336,-0.028711,-0.150659,-0.21783,-0.156029,-0.133659,-0.554745,-0.135139,-0.060915,-0.010757,0.186193,0.119932,-0.061513,-0.149541,-0.198785,-0.193269,-0.113585,0.119929,0.02053,0.119114,0.094733,0.031672,-0.039342,-0.088579,0.036785,0.062606,-0.223367,-0.022603,0.106044,0.098795,0.100603,0.028797,0.023533,-0.078411,0.0119772,0.047629,0.090123,0.074941,0.071835,-0.022988,0.074537
-0.255369,-0.290778,-0.258672,-0.361854,-0.04013,-0.233862,0.075523,-0.172274,-0.030835,-0.107585,0.034695,-0.372208,-0.294039,-0.464165,-0.544091,-0.0919004,-0.071968,-0.091327,-0.083803,-0.335438,-0.418117,-0.555163,0.008473,-0.135434,-0.23741,-0.226244,-0.452633,-0.198038,0.289522,0.151503,-0.13809,-0.154905,-0.188929,0.012443,0.028221,0.068561,0.141731,-0.156446,-0.100921,-0.050037,0.201103,0.0957056,-0.202835,0.0472,-0.09817,-0.045968,-0.049234,0.0050984,-0.157617,0.303662,-0.0666432,-0.212595,-0.200593,-0.000131,0.083677,-0.029036,0.008402,-0.051226,-0.02323,0.258045,0.049111,-0.087319,0.016037,-0.0311398,0.001477,-0.213552,-0.0026522,-0.170319,-0.085805,0.100778,-0.237678,0.218258,-0.0284172,-0.009609,0.114575,0.337384,0.175466,0.158498,0.295923,0.107729,0.135227,0.388815,0.059615,-0.068733,0.054567,0.11343,-0.006967333
0.108815,0.06543,0.027944,0.019931,-0.008104,0.009578,-0.232491,0.006938,-0.033585,-0.099936,-0.223503,0.151518,-0.0189485,0.027815,0.139562,0.10568,0.091961,-0.047354,-0.10896,0.030014,0.02985175,-0.0701,-0.097568,-0.013218,-0.055639,-0.096445,-0.224077,-0.049617,-0.011158,-0.204748,-0.200004,0.09199,0.134218,0.0900818,-0.065263,-0.046856,-0.174478,0.02377,0.109856,0.046938,-0.060565,0.084028,0.158185,0.017964,0.017407,-0.223952,-0.191869,-0.05627,0.012603,-0.159948,0.042305,0.084134,0.08979,-0.078965,-0.172418,-0.047608,0.143347,0.059304,-0.150775,-0.160761,-0.187165,-0.12796,-0.14375,0.01173,-0.080054,0.023254,0.000576,-0.031769,-0.198024,-0.144308,0.005398,0.0716622,-0.118737,-0.18167,-0.069588,0.040643,0.023462,0.006429,-0.063608,-0.13086,-0.166123,-0.025048,0.007348,-0.082497,-0.001004,-0.058903,0.049982
-0.1289024,-0.084695,0.085922,-0.18013,-0.111819,-0.205351,-0.131116,-0.186841667,-0.153594333,-0.186841667,-0.143613,-0.211561,-0.200698,-0.07852,-0.115075,-0.112689,-0.242855,-0.033964,-0.062118,-0.119815,-0.178813,-0.157896,-0.071616,-0.275016,-0.123309,-0.255768,-0.288368,-0.071624,-0.068543,-0.18523,-0.173546,-0.144834,-0.121958,-0.137239,-0.1612004,-0.084258,-0.227604,-0.237347,-0.000472,-0.253467,-0.142902,-0.173604,-0.096836,0.036816,-0.116887,-0.191695,-0.185198,-0.104009,-0.068735,0.159875,-0.012738,-0.109129,-0.344305,-0.063946,-0.0942272,-0.146677,0.023602,-0.123916,-0.275326,-0.095705,-0.096994,-0.213196,-0.044101,0.00102525,-0.13386225,-0.129554,-0.121889,-0.170332,-0.317031,0.015522,-0.093448,0.29128425,0.100199,0.230901,-0.146850667,0.155993,0.185305,0.250713,0.258912,0.20025,0.099054,0.188218,0.147838,0.12242,0.13189075,0.1512,0.291128
-0.102829,0.115108,-0.071492,0.000939,-0.059916,-0.072929,-0.168283,0.0051496,0.010963,-0.019552,0.039991,0.067275,0.180071,-0.035111,-0.014932,0.000664,-0.021234,-0.061744,-0.0657,-0.00054125,0.02844825,-0.052285,0.011884,-0.139349,0.064113,-0.209564,0.012815,-0.049914,-0.18082775,-0.136286,-0.163604,-0.119541,0.074917,0.006243,-0.020729,-0.089105,-0.086718,0.1906065,-0.020083,0.010063,-0.070886,0.042811,-0.094612,0.002144,-0.030896,0.026142,-0.133358,-0.030597,0.001363,-0.328259,0.151284,-0.095872,0.173133,-0.055083,-0.124173,0.012277,0.052705,0.0105,-0.136283,0.037353,0.014211,0.110338,-0.013851,0.032923,0.069576,0.171514,0.051845,0.075587,-0.073958,-0.136433,-0.074835,0.482805,-0.018973,0.016757,-0.013161,-0.050521,-0.045002,0.003059,-0.105982,-0.139838,-0.103079,0.035158,-0.08992,-0.062287,-0.069491,-0.088902,-0.004032
-0.086123,-0.018269,0.010237,-0.098474,0.111211,-0.030963,0.023726,0.103833,0.053719,-0.071252,0.159516,-0.027305,0.206119,0.007224,-0.017069,0.1105322,-0.039603,0.259195,0.118025,-0.047023,0.062005,-0.089477,0.262157,0.188794,-0.207639,-0.253964,-0.104998,0.113894,0.031575,0.218135,-0.017662,0.038544,-0.109162,0.017973,0.213982,0.19561,0.111469,-0.114071,0.037516,-0.007669,0.482974,0.270979,-0.019412,0.22187,0.058589,-0.069375,0.207714,0.057989,-0.020577,0.301798,0.081761,0.009567,0.149059,0.219892,0.1482374,0.388541,0.233218,0.037476,0.048314,0.251358,0.174838,0.010536,0.235356,0.1086666,0.192307,0.079018,0.003994,-0.028943,0.0361482,0.265712,0.095076,0.15859175,-0.0605636,-0.031804,-0.005577,0.373898,0.215105,0.257271,0.151411,0.152343,0.099759,0.108142,0.1503462,0.09682,0.0940744,0.240076,0.028015
0.01199,-0.116301,0.018272,0.098305,-0.010377,-0.041362,0.06535,-0.027514,0.082808,-0.092519,0.033651,-0.0177928,0.132745,0.058738,-0.121701,-0.026787,0.0476382,0.077961,0.100454,-0.074527,0.030812,-0.052991,-0.004622,0.056503,-0.105341,-0.214291,-0.064605,-0.070624,-0.008306,-0.004853,-0.003194,-0.074255,-0.126004,-0.003706,0.096891,-0.040468,-0.093747,-0.184535,0.06974,0.071436,-0.202345,-0.019329,-0.110308,0.007305,-0.160429,-0.066843,0.055317,0.009452,-0.026374,0.073604,0.125394,-0.107706,-0.2314645,0.076753,0.089332,-0.080342,0.175317,0.037144,0.061747,0.072066,0.184887,0.1423,0.141765,-0.043847,0.191042,0.026263,0.067258,-0.078306,0.006469,-0.034439,0.134821,0.108313,0.09694,0.078687,0.120953,0.063244,0.059291,0.162516,0.087642,0.132234,-0.020188,0.077847,0.129905,0.064821,0.087984,0.120923,0.149855
0.234012,0.117868,0.260375,-0.146295,0.100466,0.007094,0.188016,0.13903,0.24545,0.10246,0.249843,-0.074697,-0.150028,-0.701947,-0.895261,-0.206462,-0.0347928,-0.130261,-0.083292,-0.510005,-0.438341,0.002496,-0.197898,-0.321318,-0.106778,-0.309102,-0.293675,-0.308306,-0.192945,-0.175801,-0.241435,-0.407837,-0.309865,-0.2955,-0.17373,-0.28521,-0.099302,-0.360182,-0.058311,-0.354063,-0.288829,-0.329967,-0.2652572,-0.093384,-0.392638,-0.295249,-0.276177,-0.122916,0.029811,-0.02657,0.404256,-0.660105,-0.379,-0.296603,-0.192331,-0.260966,-0.228202,-0.337951,-0.062982,0.120689,-0.017327,-0.033753,-0.001728,-0.198131,-0.577469,-0.046568,-0.255617,-0.443495,0.132341,-0.159302,-0.210634,0.179738,0.145585,0.250174,0.169963,0.142958,0.04823,0.136414,0.090858,0.0714964,0.000253,0.081727,-0.107644,-0.060169,0.340441,0.075252,-0.0684404
-0.390234,-0.460539,-0.421109,-0.464095,-0.541713,-0.668983,-0.476578,-0.448164,-0.3872,-0.4443,-0.431071,-0.499794,-0.562895,-0.412637,-0.411223,-0.416487,-0.424683,-0.491836,-0.371061,-0.337097,-0.447852,-0.447091,-0.498407,-0.44447,-0.450334,-0.476449,-0.4468726,-0.512253,0.003419,-0.081727,-0.173392,-0.026862,0.216949,-0.00337,-0.053494,-0.003518,-0.133263,0.00534225,-0.105177,0.012594,-0.015045,0.010448,-0.093413,-0.03239,-0.02552,-0.013471,-0.04643,-0.092416,0.033326,0.082425,0.028833,-0.009774,-0.475101,0.007452,-0.006455,-0.037152,0.262155,0.057851,-0.081328,0.061367,-0.05173,-0.028979,-0.007237,-0.120504,0.070511,0.014204,0.146597,0.035866,-0.123026,-0.003899,-0.203326,0.071911,-0.085873,0.020713,0.041667,-0.040186,-0.027704,0.029255,-0.102082,-0.076823,-0.16207,-0.032889,-0.141561,-0.087899,0.138889,-0.022607,-0.020279
-0.407819,-0.476646,-0.253824,-0.356833,-0.366196,-0.334657,-0.010627,-0.194274,0.001694,-0.255299,-0.15601,-0.50732,-0.278861,-0.313941,-0.246953,-0.19061,-0.145549,-0.250337,-0.137763,-0.331837,-0.341402,-0.346952,-0.283631,-0.166133,-0.444233,-0.418519,-0.436008,-0.324481,-0.299795,-0.062056,0.088369,0.066748,-0.144913,0.050854,0.093962,0.193225,-0.103845,-0.125505,0.212708,0.001763,-0.072267,0.249801,0.193254,0.191127,0.077139,-0.037013,0.029721,0.053072,0.046594,-0.192184,0.003483,0.065814,-0.3431534,0.184775,-0.049224,-0.11141,0.024514,-0.036827,-0.018757,-0.144987,0.074102,0.111687,0.023304,-0.14731,0.133865,-0.069511,-0.149725,-0.100635,-0.183854,-0.188536,-0.08885,-0.080592,-0.213306,-0.144258,0.048633,0.196133,-0.041944,0.020394,0.031601,0.236329,-0.004262,0.187902,0.179758,0.196807,-0.078153,0.058763,0.144896
-0.097744,0.011659,-0.054112,0.050213,-0.04595,-0.052617,-0.14675,-0.0649648,0.000117,-0.087202,-0.165783,-0.019339,0.18266,-0.076303,-0.073826,0.019673,-0.140093,-0.124397,-0.056717,-0.007999,0.03966575,-0.000384,-0.032003,-0.197084,-0.056450333,-0.116406,-0.052561,-0.002895,0.004938,0.019102,-0.035815,-0.076848,0.065348,0.169545,0.156169,-0.046525,0.031265,1.859647,1.774987,-0.073742,-0.084246,-0.00731,-0.164263,-0.003275,-0.12772,-0.1045072,-0.154605,0.059461,0.044076,-0.071569,0.106398,0.069586,-0.454214,0.006969,-0.060807,0.046981,-0.041384,0.021548,-0.128133,0.069552,0.002016,0.052635,-0.02073,0.061765,-0.008347,0.130811,0.045816,-0.038234,0.012999,-0.070701,-0.002841,0.004434,0.217428,0.010263,0.028367,0.130057,0.059628,0.038418,0.042808,-0.140206,-0.008325,-0.126988,-0.042964,-0.035817,0.003451,-0.08417,0.006507
-0.5241205,-0.613944,-0.545247,-0.404943,-0.459293,-0.056152,0.0106,-0.10684,-0.120243,-0.007791,0.028861,-0.17748,-0.466341,0.056069,-0.289563,-0.3750162,-0.359983,-0.479081,-0.469884,-0.572835,-0.562607,-0.50476,-0.553678,-0.685587,-0.429067,-0.361907,-0.17606,-0.089553,-0.045153,0.008177,0.024912,-0.021432,-0.080597,-0.030508,0.1379505,0.016687,0.080836,-0.045526,-0.064621,-0.068519,-0.022639,-0.086553,-0.053572,-0.013204,-0.022736,0.079363,-0.004406,0.008934,0.101474,-0.06051,0.096935,-0.024018,0.533547,0.038615,-0.055178,0.02348,-0.068564,-0.03125,0.111429,0.002173,0.027941,0.028736,-0.00745,-0.0144838,0.003315,0.085773,0.0506725,-0.03999,0.048532,-0.064079,0.084259,-0.134596,-0.224716,0.02271,-0.020982,0.137718,-0.005488,0.032479,-0.023332,0.028761,-0.03428,-0.029579,-0.066541,-0.058043,-0.122564,-0.062985,-0.0120585
-0.098186,0.001109,-0.235824,-0.080758,-0.156738,-0.060119,-0.239804,-0.1013474,-0.081433,-0.137756,-0.145182,-0.082247,0.075728,-0.080423,-0.049213,-0.063485,-0.127756,-0.142233,-0.11433,-0.051392,-0.055219,-0.090414,-0.067135,-0.179371,0.018644,-0.223427,0.057738,-0.06684,0.0141978,-0.247484,-0.196354,-0.206683,-0.025681,0.054352,0.110799,-0.129002,-0.11443,-0.053329,-0.076956,0.006568,-0.136642,0.036974,-0.075499,-0.044374,-0.094502,-0.111654,-0.20985,-0.09455,0.00869,-0.330986,-0.026646,-0.093792,-0.309038,-0.048498,-0.182459,-0.138823,-0.064519,-0.058827,-0.160438,0.002122,-0.075135,0.008713,-0.046434,-0.017906,-0.065047,0.032793,-0.020499,0.167471,-0.119758,-0.242959,-0.112229,-0.133856,-0.004351,0.082921,-0.05259,-0.007953,-0.084425,-0.138816,-0.168388,-0.250015,-0.216496,-0.15931,-0.174438,-0.146133,-0.202859,-0.199854,-0.151451
-0.542306,-0.574356,-0.147219,-0.317244,0.395677,0.752581,0.826231,0.858165,0.783669,0.791374,0.605144,0.552753,-0.51215,0.534092,-0.30264,0.305866,-0.457491,0.036877,0.192798,-0.484532,-0.603791,-0.317343,-0.11251,-0.654489,-0.532186,-0.565426,-0.49665,-0.263597,-0.075557,0.391538,0.109767,0.063643,0.006581,0.138327,-0.087339,0.476863,0.414644,-0.231786,-0.035212,0.041719,0.42072,0.147684,-0.078143,0.293817,-0.141941,0.093308,0.146376,0.281789,0.015405,0.219084,-0.173878,-0.045501,-0.31099,0.329969,0.406713,0.228366,0.101898,-0.136339,-0.229727,0.362772,0.200462,-0.195979,0.131363,0.262367,0.082254,-0.04073,-0.135107,-0.192098,0.392432,0.375288,-0.428976,0.422405,-0.423591,-0.251569,0.205873,0.299426,0.276724,0.368392,0.406017,-0.042335,0.422916,-0.07948,0.006877,-0.145256,0.504032,0.485678,-0.122591
0.076,-0.02069175,-0.065837,-0.018785,-0.07173,-0.016024,-0.339279,0.004274,0.00988,-0.091277,-0.18487,0.098741,-0.097438,-0.091282,-0.079521,-6.00E-04,0.034777,-0.129205,-0.207779,-0.069859,-0.070123,-0.097438,-0.21718,-0.16577,-0.230985,-0.227409,-0.005709,-0.111313,-0.142366,-0.319012,-0.221079,-0.083796,0.16405,-0.168337,-0.202136,-0.160874,-0.30409,-0.087154,-0.074405,-0.052547,-0.214306,0.07806,-0.118,-0.099032,-0.153654,-0.433819,-0.401251,0.006635,-0.172152,-0.179669,-0.013832,-0.108178,-0.023291,-0.178771,-0.307823,-0.162699,0.007669,-0.020471,-0.348926,-0.114344,-0.155337,-0.142473,-0.156485,-0.043629,-0.160806,-0.037047,-0.057708,-0.102089,-0.231259,-0.287936,-0.0412,0.169595,-0.002782,0.206551,0.279266,0.366318,0.372672,0.282479,0.224458,0.05606,0.000687,0.291042,0.290861,0.250864,0.345964,0.206433,0.376065
-0.041975,0.028103,0.025908,0.059052,-0.057635,0.017311,-0.018754,0.074249,-0.022558,-0.109109,-0.077235,-0.071116,0.207916,-0.212749,0.093419,0.124429,0.034774,0.00867,0.001888,0.019938,0.061397,0.090605,0.054148,-0.018326,0.15714,-0.024471,0.158747,0.103729,0.044132,-0.075365,0.011633,-0.150952,-0.044681,0.140356,0.045463,0.040911,0.018806,0.103803,-0.047927,-0.017232,-0.041567,-0.055265,0.000859,-0.0106996,-0.022965,-0.039149,-0.128095,0.100986,-0.001117,-0.009738,0.007178,-0.050837,-0.109072,0.069204,-0.135318,0.030367,-0.073931,0.064481,-0.054144,0.105211,0.087136,0.110863,0.06009,0.086377,0.059407,0.249533,0.06467,-0.148313,0.029604,-0.115208,-0.052905,0.030833,0.225873,0.029218,0.021635,0.090342,0.038495,-0.000777,-0.01586,-0.093332,-0.051348,-0.039257,-0.090789,0.044035,-0.005379,-0.090379,-0.096027
0.141247,-0.038097,0.035191,0.099684,-0.015868,0.016929,0.063459,0.035685,0.249223,0.1216,0.153333,0.262785,0.190959,0.071636,0.153289,0.0920974,0.207286,0.055279,0.178105,0.040315,0.205099,0.119461,-0.03767,0.005982,0.0788014,-0.024099,0.053231,0.116123,-0.375319,0.06675,0.129414,0.032791,0.051778,0.216606,0.182962,0.160067,0.007783,0.129464,0.10808,0.083028,0.076341,0.163666,0.020606,0.178848,0.104116,0.157547,0.127667,0.160481,0.133655,-0.190312,-0.007429,0.103169,0.145186,0.136068,0.079415,0.092194,0.086193,0.099015,0.216524,0.086093,0.064989,-0.072303,-0.048256,-0.0339718,-0.091222,-0.024337,0.25395,-0.120387,0.13655,0.376115,0.42208,0.228738,0.250015,0.047605,-0.022356,-0.055416,0.042241,0.059988,0.051668,0.283689,0.114024,0.02148,0.253576,0.11902,0.295838,0.23872,0.2603214
-0.43161,-0.512614,-0.504594,-0.167846,-0.343076,-0.427605,-0.340161,-0.3431294,-0.389087,-0.259793,-0.21376,-0.425402,-0.255437,-0.360661,-0.40531,-0.275325,-0.320727,-0.419312,-0.42381,-0.3623442,-0.620493,-0.272284,-0.409599,-0.493549,-0.345788,-0.394158,-0.654179,-0.352906,0.080301,-0.461741,-0.26914,-0.619192,-0.499856,-0.299775,-0.0399688,-0.341658,-0.299059,-0.289653,-0.189408,-0.380294,-0.50786,-0.416949,-0.39133,-0.445665,-0.523635,-0.505433,-0.582874,-0.293553,-0.26324,-0.151065,0.136771,-0.479695,-0.552202,-0.303887,-0.391303,-0.280694,-0.495182,-0.376702,-0.3247,-0.305312,-0.254452,-0.286196,-0.340931,-0.339446,-0.302481,-0.31613,-0.299759,-0.141256,-0.193846,-0.446483,-0.507025,-0.369466,-0.084221,-0.308719,-0.366544,-0.245797,-0.494398,-0.487333,-0.44601,-0.441132,-0.440717,-0.346519,-0.422308,-0.444899,-0.632924,-0.515166,-0.492796
-0.189513,-0.027784,-0.230663,-0.281169,-0.286082,0.04791,-0.062925,-0.019425,0.01592,-0.127737,-0.0313,-0.040706,-0.206359,-0.235006,-0.339154,-0.181855,-0.255441,-0.262119,-0.263386,-0.2333005,0.044167,-0.357046,-0.082789,-0.303208,-0.17419575,-0.078651,-0.305253,-0.033452,-0.180618,-0.214002,-0.180262,-0.316955,-0.103857,-0.199593,-0.30602,-0.182845,-0.250127,0.019386,-0.292102,-0.068337,-0.165877,-0.036706,-0.311844,-0.082656,-0.000904,-0.262194,-0.294532,-0.270486,-0.274743,-0.354046,0.007652,-0.333784,-0.098978,-0.364637,-0.149035,0.007099,0.145566,0.290903,-0.099623,0.088289,-0.316947,-0.004562,-0.104064,-0.112797,-0.064026,0.072981,-0.162163,0.055391,-0.005879,-0.058057,0.240622,-0.217285,-0.038959,0.207878,0.044817,-0.099445,0.066547,0.019625,-0.017495,-0.279111,-0.253761,-0.411582,-0.109994,-0.136158,-0.308415,-0.391419,-0.145365
-0.062299,-0.263727,-0.001445,-0.198779,-0.282949,-0.164123,-0.127035,-0.20354,-0.152971,-0.318408,-0.1932154,-0.245457,-0.227683,-0.108223,-0.025116,-0.1643068,-0.250452,-0.076505,-0.008088,-0.079194,-0.134091,-0.163389,-0.042099,-0.352922,-0.185601,-0.359639,-0.001984,-0.161976,0.036572,-0.143566,-0.156936,-0.087836,-0.202485,-0.108165,-0.089878,-0.015911,-0.260742,-0.248616,-0.056731,-0.362845,-0.227859,-0.190995,-0.101175,0.109861,-0.080369,-0.168965,-0.10201,-0.171147,-0.151568,0.082044,0.057303,-0.137604,-0.7277,-0.104687,-0.0268354,-0.296,0.138239,0.037464,-0.097826,0.182992,0.142975,0.211612,0.143899,0.1362464,0.296178,0.1754,0.139186,-0.012622,0.065761,0.179062,0.022871333,0.137023,-0.190936,0.215214,0.04912225,0.157446,0.128326,0.206237,0.211609,0.173037,0.116424,0.145779,0.153937,0.159705,0.227567,0.253663,0.142302
-0.06663,-0.173255,-0.283523,-0.145951,-0.198302,-0.068936,-0.246719,-0.119976,-0.015327,-0.097537,-0.106701,-0.098647,-0.018698,-0.107256,-0.140439,-0.085422,0.084525,-0.252057,-0.190823,-0.1595824,-0.365911,-0.048757,-0.179682,-0.116262,-0.096854,-0.218025,-0.184896,-0.042532,0.117565,-0.226515,-0.114241,-0.207059,-0.255251,-0.053159,-0.019759,-0.144114,-0.234381,-0.102705,-0.056057,-0.123237,-0.215523,-0.052255,-0.232354,-0.287931,-0.211203,-0.38661,-0.2365684,-0.241086,-0.12842,-0.232828,-0.019872,-0.237291,0.119793,-0.076064,-0.135309,-0.187517,-0.141621,-0.122765,-0.21941,-0.193946,-0.190114,-0.196741,-0.149173,-0.181557,-0.249073,-0.192141,-0.144472,-0.158353,-0.154586,-0.251547,-0.121527,-0.204582,-0.099808,-0.129088,-0.187921,-0.14714,-0.245453,-0.247996,-0.173257,-0.19268375,-0.157084,-0.104029,-0.193966,-0.210218,-0.207511,-0.178931,-0.117011
-0.081789,-0.004539,-0.053406,-0.071353,-0.13636,-0.084746,-0.001999,0.043687,-0.066745,-0.008003,-0.046576,-0.070442,-0.020491,-0.079275,-0.16268,-0.0473335,-0.139548,0.042887,-0.031824,0.028572,-0.02725,0.00645,-0.0543356,-0.175153,-0.055234,-0.134956,-0.01104,-0.010994,-0.01955,-0.075719,-0.018003,-0.099083,-0.131329,0.049584,0.011888,0.029498,-0.003714,-0.160771,-0.002267,-0.182967,-0.085983,-0.18349,-0.080888,-0.061405,-0.017114,0.033154,-0.056972,0.025789,-0.017446,-0.005608,0.040155,-0.057625,-0.121045,0.020754,-0.0345,-0.072326,0.071934,-0.039027,0.041725,0.03303,0.03487,0.029022,-0.009153,0.0145548,0.073621,0.006824,0.066685,-0.029278,0.04514,-0.001785,0.0139505,-0.05936,0.00822,0.011006,-0.096383,-0.116732,-0.09172,-0.003624,-0.01346,0.044192,-0.089408,-0.145842,-0.102534,-0.069975,-0.033114,-0.0273,-0.215921
-0.388454,-0.337559,-0.175843,-0.22969,-0.1118136,-0.194923,-0.007397,-0.191546,-0.133543,-0.184124,-0.115185,-0.28935,-0.149546,-0.212987,-0.322956,-0.044598,-0.259372,-0.108012,-0.081369,-0.336597,-0.218352,-0.152782,-0.138188,-0.373145,-0.135832,-0.17534,-0.18199,-0.15035,-0.012292,-0.085947,-0.029687,-0.322905,-0.367465,-0.162647,-0.091499,-0.081346,0.271535,3.59122,3.430485,-0.218872,-0.139022,-0.097799,-0.326502,-0.09855,-0.2232538,-0.209316,-0.18242,-0.118175,-0.133828,-0.049363,-0.004357,-0.230409,-0.476443,0.089398,-0.206697,-0.197424,-0.1680956,-0.227963,-0.155286,-0.013307,0.479491,0.1653695,0.342047,-0.189182,0.03256225,-0.146753,-0.261834,-0.123089,0.01004,0.279818,-0.106391,-0.274169,0.036187,-0.07281,-0.226427,0.256851,-0.222878,-0.25659,-0.014853,-0.212703,0.368347,-0.083833,-0.101578,0.154087,-0.149596,0.285607,-0.230863
0.093069,0.006906,-0.007097,0.007028,0.008999,-0.00934,0.019546,-0.031578,-0.005593,0.035717,0.116586,-0.126502,0.042263,-0.018284,0.041977,0.11629,-0.01378,0.060799,-0.064961,0.083975,0.0580706,0.11511,-0.035597,-0.103487,-0.042271,-0.147204,0.170351,-0.020951,-0.1222782,-0.035525,-0.120234,-0.055413,0.097163,0.0880246,-0.073635,0.00206,-0.07116,0.096494,-0.047758,-0.013754,0.029527333,0.003218,0.048508,0.041303,0.084781,0.0085085,-0.044707,-0.0808382,0.023526,-0.165785,-0.092045,-0.05401,-0.320258,-0.049674,-0.151749,-0.067351,0.091008,0.085208,-0.003945,-0.069872,-0.009859,-0.076614,-0.040316,0.004944,0.073772,0.065894,-0.004881,0.062742,-0.09219,-0.132852,-0.110013,0.027185,0.023969,0.0072022,0.048792,0.040663,0.041127,0.014736,-0.181814,0.076441,-0.030082,-0.025989,0.059594,0.000954,-0.049075,0.073357,0.202538
0.057855,0.066432,0.009688,0.062926,0.01406,0.031016,-0.142852,0.018005,-0.012202,-0.078535,-0.111683,-0.039867,0.242791,0.024673,0.059584,0.133659,0.1614,-0.050702,-0.045569,0.051617,0.1118876,0.14252,0.066998,-0.072883,0.10976,-0.094229,-0.077865,0.052828,0.000982,-0.0631,0.001702,-0.10046,0.105104,0.066025,-0.001056,0.072826,-0.060631,0.148512,0.010829,-0.029471,-0.051215,-0.016187,0.06881,0.081506,0.034336,-0.043064,-0.102806,0.041178,0.013112,-0.0679015,-0.043033,-0.012592,-0.231897,0.024633,-0.003053,-0.040548,0.041172,0.080856,-0.010651,0.014146,-0.064829,-0.05344,-0.021785,0.001346,0.055028,0.140834,-0.029388,-0.001593,-0.174114,-0.047599,-0.083137,-0.001505,0.055837,-0.060883,-0.087359,0.052183,0.067243,-0.004588,-0.014915,-0.027676,-0.042774,-0.065491,-0.024015,0.051674,-0.019899,-0.026923,-0.061486
-0.316636,-0.351,-0.203027,-0.170741,-0.237097,-0.215514,-0.084735,-0.166212,-0.195514,-0.225355,-0.171138,-0.136146,-0.142913,-0.138089,-0.267031,0.054761,-0.117989,-0.173948,-0.118791,-0.088682,-0.157153,-0.153749,-0.159984,-0.272611,0.257977,0.135902,0.232732,0.248473,0.0416202,-0.337326,-0.094366,-0.539365,0.072364,0.065613,0.044218,0.373879,-0.153134,0.57996,0.531429,0.442084,0.412774,0.415419,0.324926,0.440143,0.358491,0.256045,0.45075,0.290974,0.304311,0.0243468,0.200928,0.560756,0.572951,0.255998,1.001291,0.985996,1.370584,1.291041,0.522965,0.538149,0.468774,0.482443,0.399775,0.491059,0.699812,0.761833,0.384379,0.190059,0.18936,0.249147,0.390045,-0.438807,-0.089281,-0.240068,-0.256667,-0.190146,-0.194317,-0.170969,-0.086248,-0.081906,-0.1115,-0.188619,-0.280053,-0.175434,-0.234562,-0.222115,-0.277522
0.089662,0.075133,-0.034771,0.003366,-0.054344,-0.020291,-0.237552,0.032669,-0.023924,-0.072429,-0.170619,0.076813,-0.0415876,-0.034942,-0.109742,-0.0333856,0.022345,-0.061143,-0.106455,0.014013,-0.125398,-0.100191,-0.079884,0.001819,0.000272,-0.115346,0.016163,-0.041502,-0.011423,-0.003633,-0.119401,-0.022223,0.038592,-0.031841,-0.053175,-0.198796,-0.171689,2.442,2.209618,2.21068,0.83719,-0.132238,-0.253754,-0.0414438,-0.280893,-0.42273,-0.415682,-0.212552,-0.055457,-0.043491,-0.020862,-0.127216,-0.376582,-0.256961,-0.311477,-0.185355,-0.1441886,-0.153758,-0.309149,-0.219902,-0.237256,-0.192839,-0.234994,-0.130905,-0.21168,-0.15607,-0.191899,0.03414,0.338758,0.14305,0.210846,0.687812,-0.018255,-0.263812,-0.19811,-0.151103,-0.200025,-0.213153,-0.255728,-0.321531,-0.317186,-0.255547,-0.178425,-0.221406,-0.224774,-0.323016,-0.174411
0.069961,-0.157512,0.024367,-0.131978,-0.097766,0.007608,-0.002144,-0.128775,0.160648,-0.137834,0.064744,-0.188228,-0.036695,0.002234,0.023059,0.03575,0.312722,0.0664034,0.056944,-0.0353946,-0.032079,-0.029669,0.118326,0.194592,-0.006306,-0.095164,0.083071,-0.083374,0.018617,-0.054454,0.047317,0.065902,-0.044676,0.077493,0.129569,0.058501,-0.051828,0.052241,0.1153,0.09425,-0.155301,0.205933,0.004487,0.222374,-0.066046,0.017831,-0.0620036,-0.071916,-0.034586,0.330097,0.034235,-0.022535,-0.073542,0.168301,-0.124634,-0.137713,-0.033968,-0.027331,-0.113744,-0.029317,0.157525,-0.002504,0.118422,0.002006,0.10106,0.010473,0.081494,-0.038834,-0.110674,0.031398,0.013338,0.043241,-0.083299,-0.015925,0.122277,0.153204,-0.021832,-0.046121,0.000482,0.14301,-0.040317,0.121386,-0.093405,-0.055325,-0.016189,0.021632,0.00858
0.059676,0.023326,0.041664,0.116985,0.062008,0.123851,-0.229997,0.124912,0.111029,-0.075947,-0.089112,0.259285,0.113922,0.048227,0.138331,0.142136,0.136349,-0.047677,-0.119153,0.110462,-0.007843,-0.16459,-0.200432,-0.141586,-0.206884,-0.261277,-0.127062,-0.201825,-0.038489,-0.188984,-0.079889,-0.028264,0.11583975,-0.075445,-0.117096,0.212142,-0.225577,3.058126,3.214739,0.17483,0.107266,0.393604,0.362481,0.069753,0.265005,-0.453934,-0.366057,-0.04615675,0.030076,0.055986,0.09491,-0.054991,-0.533518,-0.07865,-0.182307,-0.057689,0.104903,0.013629,-0.113838,-0.114448,-0.152673,-0.147846,-0.157571,-0.024413,-0.198364,-0.097373,-0.076554,0.087318,-0.057516,0.322021,0.496228,0.217608,0.033375,-0.300928,-0.11188,-0.052595,-0.040344,0.027091,0.007974,-0.08197,-0.248099,-0.063568,0.015928,0.007286,-0.055131,-0.03729,0.154309
-0.067885,-0.271394,-0.230591,-0.164923,-0.2373,-0.24286,-0.158909,-0.151813,-0.155762,-0.21818,-0.070766,-0.217085,-0.221028,-0.142679,-0.115273,-0.235195,-0.172367,-0.229766,-0.268235,-0.12330025,-0.103669,-0.063601,-0.143264,-0.175859,-0.210658,-0.114841,-0.198376,-0.176402,-0.132816,-0.173373,0.047142,0.062702,0.145291,-0.051233,-0.032809,0.229869,-0.18448,2.25759,2.387689,0.756727,0.311959,0.131189,0.557582,-0.235412,0.099662,-0.146354,-0.270817,-0.219345,0.004307,0.001176,-0.128079,-0.135935,0.144436,-0.238093,0.517836,0.430683,0.585686,0.693343,0.690585,0.465043,0.237685,0.478356,0.422885,-0.265142,0.079919,0.155776,0.915878,0.085746,-0.050649,0.062327,0.234434,0.084003,-0.054938,0.177567,0.220642,0.130591,0.124412,0.005821,0.066331,0.231169,0.116183,0.236077,0.0748,0.137732,-0.005529,-0.008017,0.217077
-0.025987,-0.038217,-0.134126,-0.191161,-0.0870604,-0.212478,-0.115158,-0.101722,-0.074138,-0.060217,-0.065956,-0.204606,-0.121077,0.040036,-0.128678,-0.160568,-0.183732,-0.129345,0.030471,0.038791,-0.061651,0.034012,-0.061657,-4.70E-05,-0.006274,-0.126059,-0.0239872,-0.156443,0.026022,-0.172577,-0.1836,-0.054904,0.124263,-0.076787,-0.067943,-0.097585,-0.16119,0.006757,-0.064219,-0.054668,-0.130865,-0.140165,-0.063466,-0.156717,-0.076006,0.013933,-0.112666,-0.071637,0.018389,-0.063491,0.031641,0.05196,-0.471816,-0.04195,-0.125446,-0.184407,0.120518,0.004366,0.0044756,0.021619,-0.018738,-0.021216,-0.006822,-0.16614,0.074084,0.036347,0.044016667,0.028038,-0.125086,-0.148408,-0.129256,-0.01374,-0.033683,0.007018,0.007053,-0.13457,-0.175413,-0.042774,-0.229003,-0.017105,-0.210633,-0.132379,-0.276599,-0.105644,-0.058272,-0.121262,-0.102159
-0.171632,-0.086239,-0.069025,-0.041037,-0.081001,-0.067086,-0.115188,-0.081071,-0.005811,0.105737,0.094366,-0.006516,-0.119617,-0.163642,-0.240073,-0.106347,-0.111285,-0.117016,-0.137164,-0.1205916,-0.172074,-0.09615,-0.128499,-0.111228,-0.053624,-0.109544,-0.08852,-0.172514,-0.118611,-0.133424,-0.017371,-0.223074,-0.145613,-0.133047,-0.099854,-0.0187354,-0.159969,0.0565046,-0.273772,-0.074565,-0.137968,-0.099711,-0.270984,-0.088692,-0.168821,-0.194615,-0.166078,-0.131936,-0.069723,-0.165301,0.216082,-0.14345,-0.609615,-0.526996,-0.084498,-0.139723,-0.162364,-0.121903,-0.029649,0.015702,-0.100272,-0.0618488,-0.096687,-0.128981,-0.065123,-0.062864,-0.253218,-0.111446,0.020699,-0.205767,-0.028414,-0.152445,0.075401,-0.046297,-0.141957,-0.150129,-0.178013,-0.196617,-0.16161,-0.12349,-0.146965,-0.100329,-0.213184,-0.17762,-0.156175,-0.183091,-0.191292
-0.193217,-0.056221,-0.044559,-0.109071,-0.075584,-0.110777,-0.06608,-0.083321,-0.143377,-0.022599,-0.054624,-0.064365,-0.025194,-0.147662,-0.159459,0.040606,-0.090856,-0.02184,0.072998,-0.043615,-0.057522,-0.090838,-0.066987,-0.0503,0.032336,-0.011688,-0.007048,-0.029168,-0.140784,-0.034547,0.016358,-0.101907,-0.082735,0.008454,-0.069705,-0.014571,0.010373,-0.070475,-0.092954,-0.029736,0.097475,-0.121039,-0.178033,0.022736,-0.039886,-0.010959,-0.070202,0.046854,-0.086459,-0.026667,0.17344,-0.189934,-0.146215,-0.064937,-0.02554,-0.066955,-0.043968,-0.002579,-0.005276,0.034502,-0.007376,-0.119361,-0.051374,-0.000543,-0.101632,-0.043232,-0.071307,-0.111971,0.093446,0.014704,0.01763,0.018878,0.032485,0.038573,-0.128082,-0.063166,-0.018657,-0.022885,0.035039,-0.077065,-0.042364,-0.056591,-0.063381,-0.105605,0.025989,-0.06733,-0.078294
-0.012691,-0.054221,0.05581,-0.028731,-0.139312,-0.046485,0.02398,0.027972,-0.000953,0.025191,0.109925,-0.126678,-0.027675,-0.081476,-0.079548,-0.0183962,-0.043465,0.033413,0.029411,-0.042643,-0.021534,0.074831,-0.075914,-0.122226,0.045712,-0.153259,-0.06672,-0.021055,-0.023271,-0.045717,-0.059507,-0.059264,-0.104539,0.164897,-0.002091,0.02031,-0.034641,-0.104434,0.018361,-0.239453,-0.069846,-0.029327,-0.058029,-0.03348,-0.019876,0,-0.0331,0.00182,-0.02009,0.03566,-0.01689,-0.062591,-0.451444,0.062834,-0.027434,-0.063495,0.048303,-0.00262,0.096982,-0.004079,0.043624,0.095314,-0.019268,0.013855,0.125342,0.102252,0.08012425,-0.028957,0.063904,-0.011593,0.060101,-0.02708,0.099635,0.028591,-0.049635,-0.017586,-0.075633,-0.028536,0.017691,0.025774,-0.096127,-0.092095,-0.069693,-0.03235,-0.045561,-0.00596,-0.030539333
0.056337,-0.074791,-0.095772,-0.048752,0.118704,-0.000676,-0.022152,-0.00692,0.0176586,-0.051832,0.029017,-0.138693,0.085268,0.07053,0.089829,0.1238392,0.381175,0.105578,0.020659,0.013378,0.099747,-0.095469,0.0127256,0.024191,-0.050109,-0.114279,0.127591,-0.071053,-0.02704,0.219281,-0.053548,-0.097527,-0.002007,0.002705,0.05763,0.129243,0.059295,-0.058942,0.130659,-0.025826,0.31348,0.167165,0.046721,0.013521,-0.011477,0.006321,0.109592,0.064587,0.086837,0.200454,-0.080119,0.095918,0.059665,0.09554,0.128404,0.148292,0.089119,-0.049717,0.008827,0.074335,0.121526,0.058006,0.17518,0.091224,0.16989,0.021344,0.075652,-0.052072,0.099427,0.203402,-0.021817,0.106243,0.107357,0.030957,0.067609,0.08118,0.11383,0.17887,0.098582,0.025134,-0.026827,0.175848,0.145082,-0.064506,0.125289,0.142936,0.1022694
-0.12434,-0.116278,0.083498,0.07749,0.103563,0.0387576,0.090424,0.054686,0.110977,-0.00346,0.073617,-0.042032,0.116578,0.019891,0.092964,0.163934,-0.047858,0.110843,0.091146,0.038999,-0.000516,0.001201,-0.002212,0.060459,-0.031825,-0.032944,0.05482,-0.065524,-0.015999,0.047111,0.237363,-0.111322,-0.100176,0.178695,0.098181,0.176729,0.0473865,-0.058488,0.068763,0.131515,0.029031,0.102737,0.006722,0.055264,-0.0231298,0.019734,0.1166,0.087606,0.023741,0.19214,0.046195,0.019125,-0.167152,0.139772,0.013732,0.038818,0.028059,-0.04651,0.104497,0.014393,0.087251,-0.020193,0.074338,0.055084,0.08768,-0.010375,0.04904875,0.035417,0.085896,0.099503,0.01262,0.097236,-0.10277,-0.061727,0.172405,-0.132847,0.017528,-0.083395,0.140437,0.061584,0.121759,-0.1673,0.092689,0.001203,-0.028544,0.154632,-0.0050596
-0.172638,-0.198382,0.008252,0.213368,-0.07534925,-0.0291956,-0.12526,-0.114398,0.047607,-0.257576,0.035852,0.142537,0.109607,-0.090432,0.029352,-0.118614,-0.381037,-0.115992,-0.0879035,-0.489624,-0.128478,-0.006384,-0.01285,-0.042035,0.066811,-0.195253,-0.000494,0.111533,-0.088282,0.021221,0.186576,0.077782,-0.377847,-0.087169,0.2594655,-0.115037,-0.039632,0.1486698,-0.067686,-0.165338,-0.150828,-0.017839,-0.096469,-0.163908,-0.223897,-0.328274,-0.206967,-0.036801,-0.037856,-0.329704,0.125416,-0.106532,-0.397973,-0.247031,0.02986,0.030154,0.020114667,0.02586125,0.00033,-0.014475,0.01267,0.043101,-0.018337,-0.079921,0.165065,-0.088382,-0.242894,-0.126907,0.2420136,-0.036654,0.173948,-0.208714,-0.07201725,0.242181,0.041729,0.06964,-0.152997,-0.185717,-0.036938,0.008222,-0.246906,-0.072506,0.190281,-0.011335,-0.11177,-0.134395,0.037398
-0.349621,-0.218864,-0.235486,-0.024944,-0.151641,-0.131376,-0.285198,-0.179725,-0.218579,-0.222955,-0.443036,-0.169871,-0.07462,-0.038663,-0.073682,-0.066911,-0.239192,-0.208059,-0.138932,-0.036932,-0.092411,-0.056036,-0.144595,-0.439286,-0.140074,-0.335163,-0.074282,0.057263,-0.058766,-0.025779,-0.080457,-0.179842,-0.011196,0.114076,0.075128,0.042986,-0.031394,0.132343,0.074145,0.076545,-0.03955675,0.168139,0.030135,0.007112,-0.024596,-0.092639,-0.04878575,-0.071127,-0.006781,-0.181717,-0.15997,-0.057593,-0.2234622,0.004654,-0.022834,0.007841,-0.0294392,0.084488,-0.175432,0.096545,0.098673,0.076331,0.024648,0.092459,0.01077,0.040143,-0.006321,-0.038993,0.076113,0.001106,-0.030044,0.0118898,-0.101843,-0.0228408,0.06064,0.023991,0.04912,-0.05357,0.044205,-0.212756,-0.148698,-0.101202,-0.018764,0.025131,-0.076367,-0.093947,0.356857
-0.460238,-0.392592,-0.340812,-0.36811,-0.358663,-0.366386,-0.240565,-0.288508,-0.301706,-0.265887,-0.106159,-0.372036,-0.320296,-0.261272,-0.272307,-0.211032,-0.290414333,-0.301548,-0.30301375,-0.452332,-0.389159,-0.300227,-0.343075,-0.343923,-0.273263,-0.318671,-0.109774,-0.259252,0.419725,-0.307258,-0.172862,-0.371997,-0.439261,-0.267961,-0.289428,-0.012585,-0.194411,-0.347084,-0.333232,-0.050025,0.058736,0.17902,-0.068766,0.367555,-0.009449,0.566797,0.490015,0.532492,0.411573,0.413999,0.033313,-0.041303,0.284063,0.127053,0.208575,0.191713,0.27336,0.216677,0.125508,0.010726,-0.060372,-0.088269,-0.054588,-0.040741,-0.049427,-0.013257,-0.119123,0.081973,0.060098,-0.1348,-0.124404,0.21824,-0.0443514,1.314269,0.767734,0.690201,0.81457,0.345443,0.396207,0.3917942,0.317576,0.085175,0.203632,0.355512,0.414419,0.146966,0.31008
-0.151488,-0.189796,-0.015086,-0.277597,0.14634,-0.214156,0.02471,-0.196949,-0.042708,-0.119763,-0.07063,-0.240825,0.091357,0.030782,0.036913,0.128274,-0.110891,0.275677,0.096125,-0.189112,-0.103182,-0.243348,0.458142,-0.021756,-0.20756,-0.229209,-0.363165,-0.061905,-0.04761,0.367252,0.13194,0.157431,0.030131,0.064382,0.233486,0.208901,0.06665,-0.273483,-0.180273,0.02521,0.170305,0.322561,-0.184344,0.230507,-0.1451914,-0.129746,0.320943,0.094365,-0.279274,0.667336,-0.139182,-0.193755,-0.248216,0.136005,0.245309,0.162114,0.297604,0.033225,-0.00187,0.547188,0.08361,0.017603,0.430634,0.131423,0.052023,-0.351312,0.0490162,-0.21347,0.027558,0.136432,-0.33881,0.198187,-0.046602,-0.307866,-0.082073,0.103742,0.097997,-0.076074,0.163016,0.118523,0.105567,-0.006889,-0.118064,-0.206244,0.297531,0.0143802,-0.071631
-0.037065,-0.093477,-0.053868,-0.007222,-0.177189,-0.041422,0.05079,-0.083145,0.04688,0.02707,0.082984,-0.065953,-0.073164,0.053529,0.0157828,-0.093643,-0.067821,-0.132956,-0.078084,0.07136,0.032541,0.030387,-0.031982,-0.024268,-0.047965,-0.085264,0.046811,-0.124063,0.022698,-0.135983,0.040174,-0.144016,-0.092208,-0.067675,-0.043302,-0.059795,-0.162958,-0.070438,0.081308,-0.117172,-0.239343,-0.003597,-0.054007,-0.005744,0.10079,-0.110301,-0.0688634,-0.113813,0.01835,0.054406,0.129344,0.047515,-0.317946,-0.041574,-0.139326,-0.204139,-0.092195,-0.067279,0.051775,-0.090101,-0.0602,0.052047,-0.093686,-0.290038,-0.035034,0.017438,0.022691,0.0323,-0.12211,-0.124939,-0.016446,-0.111894,0.006627,-0.017351,0.017756,-0.078639,-0.014346,-0.100606,-0.136711,0.166492,-0.026482,0.077734,-0.108394,-0.025896,-0.13378,-0.077966,0.048374
-0.06314,0.022651,0.044023,0.017062,-0.09279,0.027258,-0.245839,0.031092,-0.12953,0.097105,0.119726,0.04216,0.100763,0.072891,-0.134082,0.044501,0.074048,0.056655,0.064835,0.05448,0.01578,0.09068,0.070388,0.0054106,0.152453,0.138107,0.095358,0.00921,-0.062836,0.040396,0.027634,0.021858,0.003503,0.127932,0.050046,0.000203,-0.042524,0.00852725,0.190498,-0.0791196,0.050213,0.053231,-0.175334,0.075659,-0.00074,0.081656,0.0690874,0.094606,0.119702,-0.0796458,0.098075,-0.063219,-0.349427,-0.026624,0.024639,-0.004035,0.0675,0.073896,0.123774,0.158804,-0.036139,0.002359,0.043915,0.086988,-0.041271,0.085226,-0.03358,0.1067,0.114463,-0.029043,0.11143,0.011557,0.129896,0.093304,0.039303,0.087092,0.007752,-0.063676,0.0026,0.017874,0.018925,0.123769,-0.043683,-0.019805,0.109663,0.028617,-0.035889
-0.245338,-0.162075,-0.190512,-0.053916,-0.116753,-0.220646,-0.197033,-0.040878,-0.282661,-0.389931,-0.316585,-0.051613,-0.045715,-0.170101,-0.262695,0.031385,-0.037573,-0.25578,-0.22791,-0.136336,-0.133823,-0.170453,-0.11927,-0.278073,-0.057464,-0.208427,-0.139427,-0.118894,0.161777,-0.17115,-0.073307,-0.203641,0.008887,0.121735,0.065875,0.006095,-0.045195,-0.028351,0.103496,-0.024733,-0.009146,-0.009722,-0.076145,0.120389,-0.0700775,-0.087456333,0.051368333,0.165678,-0.002427,0.06113,-0.067834,-0.024465,-0.025944,0.222793,0.301086,0.384102,0.551958,0.592645,0.8669502,1.096079,0.693359,0.968766,0.842786,0.606782,0.8697776,0.983902,0.917951,1.241984,0.688019,0.882255,0.996534,0.587635,-0.075274,-0.114444,-0.041699,0.049326,0.111902,-0.022492,0.017592,-0.204198,-0.040314,-0.07938,-0.087401,-0.058294,-0.114477,-0.090159,-0.107062
-0.19643,0.186049,0.383542,0.244277,0.277557,0.30548,0.230355,0.213059,0.185364,0.213522,0.271727,0.211034,0.373942,0.154122,0.199105,0.361189,0.186558,0.352444,0.275729,0.138222,0.1409656,-0.250718,-0.294205,-0.390373,-0.167704,-0.331994,-0.295386,-0.158833,-0.138761,0.56277,-0.067698,-0.269402,-0.459586,-0.270821,-0.194396,-0.39739,-0.30632,-0.429591,-0.396533,-0.492161,-0.468922,-0.256716,-0.386414,-0.018376,-0.203197,-0.519457,-0.518739,-0.321593,-0.197311,-0.22794,0.050664,-0.282423,-1.030329,-0.510082,1.30961,1.47856,1.122167,1.480059,1.784999,1.936068,1.608028,1.945298,1.458235,1.818766,2.354933,1.822014,1.154215,1.059768,1.499849,0.665491,1.2936752,1.229384,0.194371,1.328598,0.566348,0.573734,0.558381,0.47815,0.962911,0.454129,1.600508,0.987637,1.219953,1.251485,0.8449712,0.69517,-0.555192
0.324389,0.356822,0.512154667,0.3516,0.499591,0.408724,0.3465205,0.401918,0.3597252,0.301392,0.187001,0.297171,0.431292,0.414422,0.165208,0.459599,0.359613,0.541102,0.495771,0.330822,0.435307,0.484541,0.496065,0.201981,0.416541,0.05347,0.391257,0.470159,0.086276,0.519505,0.300725,0.39921,0.262303,0.483192,0.432664,0.473682,0.298872,0.31362,0.348183,0.240467,0.418205,0.401129,0.085739,0.569348,0.330409,0.320847,0.510055,0.459842,0.481165,0.174718,-0.072739,0.389693,0.329236,0.545421,0.343337,0.33735,0.455139,0.404634,0.304835,0.445169,0.374261,0.325924,0.390643,0.80647625,0.37520825,0.355479,0.37200925,0.29349,0.8980822,0.421245,0.417081,0.420783,0.0077316,0.360035,0.242062,0.45974,0.421614,0.435255,0.497486,0.4254508,0.346646,0.426253,0.425064,0.382977,0.503591,0.503746,-0.0001668
-0.055248,-0.07436,-0.212587,-0.117519,-0.058039,-0.090837,0.012949,0,-0.0235956,-0.005556,0.036454,-0.142601,-0.064674,-0.145781,-0.115041,0.035254,-0.008475,-0.031254,-0.081439,-0.083843,-0.093219,-0.207107,-0.100987,-0.022787,-0.20332,-0.126427,0.060581,-0.032259,0.113014,-0.206904,-0.287641,-0.402093,0.894472,-0.355381,-0.205763,-0.027201,0.114852,-0.060959,-0.082029,-0.11218,-0.242483,0.142924,-0.345782,0.042959,0.041406,-0.098961,-0.045242,-0.12694,-0.174729,0.225537,-0.022749,-0.165097,-0.323017,-0.056475,-0.115982,-0.189153,-0.057699,-0.017892,0.105228,-0.072437,0.121505,0.136686,0.053456,0.016255,0.150523,0.041418,0.041332,2.558091,2.142231,1.797736,2.104571,0.283298,0.026079,0.917346,0.17639,0.67801,0.066362,0.119382,-0.000527,0.0759962,0.127785,0.066979,0.134428,0.105164,-0.073793,0.218465,0.223289
-0.335469,-0.453313,0.110738,-0.213873,-0.229131,-0.263852,0.233088,-0.169175,-0.2291766,-0.246657,-0.237068,-0.374982,-0.35182,-0.343123,-0.274911,-0.101794,-0.216588,-0.271365,-0.0516928,-0.297785,-0.29186,-0.409187,-0.132028,-0.2749555,-0.336353,-0.401023,-0.244816,-0.275751,0.031936,-0.127836,0.002285,-0.069012,-0.02748,0.209952,0.249301,0.40546425,-0.217739,-0.048258,0.120267,0.051182,0.1273705,0.578987,0.071876,0.33604,0.02743,0.207234,0.202942,0.071615333,0.060793,0.35259,-0.015813,0.039262,-0.29852375,0.166038667,0.257235,-0.038905,0.172857,0.08631,0.145029,0.159391,0.201707,0.1012454,0.127329,-0.283078,-0.004536,0.022336,0.080555,-0.002814,-2.90E-05,0.323819,0.11650125,0.254877,-0.347906,-0.030326,0.107809,0.142402,0.049897,-0.08656,0.383053,0.1673036,0.154098,0.33603,0.161918,0.034314,0.119426,0.335638,0.260589
0.002488,0.069742,-0.008553,0.016452,-0.022554,-0.012607,-0.224336,0.044139,0.000549,-0.140794,-0.196861,0.092339,0.116114,-0.022107,-0.030799,0.032121,0.020331,-0.068763,-0.116533,0.042531,-0.000138,-0.059614,-0.070434,-0.062085,-0.109136,-0.086197,0.047673,-0.040002,0.05333,-0.151061,-0.142323,0.045165,0.080375,0.036335,-0.02259,-0.010808,-0.105024,-0.008583,-0.015133,0.03532,-0.021513,0.077327,-0.059762,0.020764,-0.1031398,-0.326086,-0.174143,-0.025054,-0.034799,-0.248997,-0.067241,-0.022278,-0.470449,-0.019863,-0.086943,-0.047703,0.089434,0.043084,-0.14049,-0.058201,-0.122887,-0.086991,-0.104879,0.016437,-0.095865,-0.038016,-0.010157,-0.03777,-0.118262,-0.155452,-0.017695,0.005841,-0.022613,-0.089331,0.004814,0.08783,0.042019,-0.007623,-0.043922,-0.12416,-0.258461,-0.036148,-0.032884,-0.060536,-0.019863,-0.091891,-0.012846
-0.237356,0.010273,0.131989,-0.00686,0.081735,0.0354974,0.0060232,0.027243,0.050037,0.019637,0.108265,-0.027695,-0.236351,-0.331997,-0.537469,0.059463,-0.085149,-0.196709,-0.175066,-0.292825,-0.28567425,-0.362017,-0.312698,-0.363105,-0.264954,-0.227736,-0.274557,-0.173028,-0.3053614,-0.140483,0.07015,-0.393166,-0.511946,-0.18371,-0.106404,0.192532,-0.027943,0.290469,0.104176,-1.50E-05,0.151436,0.093052,-0.042652,0.235409,-0.0866294,0.108866,0.13273,0.267427,0.14792,-0.216235,0.04306,0.028591,-0.091198,0.255757,0.087448,0.051761,0.026838,0.063763,0.112987,0.215573,0.193362,0.1509368,0.078513,0.126465,0.050315,0.216921,0.0377754,0.80733,0.321762,0.03116,0.129535,-0.019858,-0.044018,0.186528,0.142901,0.171354,0.064634,0.049782,0.228035,0.008394,0.197043,0.266545,0.152167,0.097499,0.061364,0.118559,-0.007401
0.092593,-0.136256,0.095963,-0.119413,-0.049434,-0.05121,0.080488,-0.071587,0.169597,-0.115795,0.093123,-0.19228,-0.048926,0.018819,0.023221,0.115514,-0.008824,-0.073956,0.088604,-0.0572266,-0.042515,-0.061064,0.079943,0.13335,-0.086362,-0.110906,0.078368,0.121126,-0.257463,0.256048,0.219152,-0.068116,-0.139642,0.087684,0.105169,0.333528,4.40E-05,0.249505,0.670989,0.26957,0.05868,0.33601,0.215649,0.166921,0.129266,0.101948,0.129366,0.16873,0.01457,0.109484,-0.109754,0.011415,-0.152669,0.129683,-0.024804,-0.088135,0.050019,0.021631,-0.055319,0.075613,0.13343,0.057613,0.004795,-0.002291,0.098662,-0.017549,0.118288,-0.058371,0.091349,0.024991,-0.016892,0.480991,-0.0519,0.101406,0.38358,-0.013662,0.090013,0.013474,0.134452,0.453827,0.247519,0.167754,0.069984,0.170871,0.192392,0.257966,0.181447
0.039133,-0.019756,-0.139134,-0.11394,0.190884,-0.116579,0.245064,0.092642,0.075816,0.043097,0.049204,-0.05424,0.031342,-0.001116,-0.007204,0.356061,0.057578,0.032497,0.109342,0.054815,0.004026,-0.013799,0.007464,-0.090432,0.036567,-0.104416,-0.025149,0.020009,0.331631,0.203467,-0.052282,-0.120878,0.045822,0.004599,0.049856,1.164482,0.355331,2.912502,3.301625,1.861431,0.5794906,1.255099,1.436928,1.106404,1.215137,-0.048856,0.116777,0.177467,0.079559,0.597862,-0.011007,0.049886,-0.0076806,0.170053,0.248116,0.622806,0.235179,-0.060231,0.058538,0.172838,0.1494962,0.038369,0.222248,0.175087,0.138939,-0.007204,0.006882,-0.019142,0.21742,0.343566,-0.127154,1.453306,0.002174,1.792449,-0.160488,2.001124,2.517292,1.613871,2.298632,2.136484,0.939307,2.206777,1.933393,-0.301241,-0.09176,0.32374,0.081487
-0.017453,-0.075407,0.169313,-0.135577,0.094634,-0.105571,0.075186,-0.039768,0.02537,-0.089682,-0.015458,-0.118161,0.009985,0.009431,0.060733,0.114471,-0.048418,-0.031493,0.051258,-0.110162,-0.087999,0.225616,-0.013677,0.012859,0.014448,-0.059533,0.058564,-0.075005,-0.064017,0.095065,-0.119213,-0.096424,-0.063967,0.048232,-0.047314,0.036891,0.108087,-0.042406,-0.0144,-0.042202,0.041542,0.01964,-0.10724,0.000187,-0.080662,0.015826,-0.038557,0.180991,0.163189,0.131187,-0.021094,0.002948,-0.180606,-0.026654,0.025659,0.036897,0.070658,-0.076141,-0.072811,0.214286,0.112015,0.056405,0.081205,0.073118,0.078669,0.053605,-0.10557,-0.10644,0.119962,0.155429,-0.085126,0.184379,0.040465,0.02859,0.065332,0.059493,0.033209,0.013928,0.190407,0.02208,0.063597,-0.019081,-0.014752,-0.071117,0.0255166,0.054377,-0.026107
-0.207391,-0.224977,-0.11926,-0.080635,-0.147068,-0.181956,-0.038433,-0.077334,-0.174639,-0.200291,-0.091928,-0.1562576,-0.024859,-0.117569,-0.216165,-0.015969,-0.144626,-0.096303,-0.125329,-0.135185,-0.1001552,-0.043932,-0.134087,-0.248668,-0.111659,-0.210642,-0.046714,-0.128015,-0.1020908,-0.127993,-0.071113,-0.253934,-0.158707,-0.065952,-0.076318,-0.121002,-0.128756,-0.081228,-0.054118,-0.168403,-0.075377,-0.193909,-0.209017,-0.054368,-0.073456,-0.119601,-0.125721,-0.007384,-0.008007,-0.20387,-0.002919,-0.02226,-0.265226,-0.113938,-0.160317,-0.108231,-0.120637,-0.036303,-0.102652,-0.043261,-0.035584,-0.00281,-0.073895,-0.035083,-0.044775,-0.02119,-0.061439,0.017198,-0.034968,-0.088414,-0.169744,-0.047969,0.017245,-0.068833,-0.084172,-0.024941,0.255775,0.102447,0.097188,-0.029918,-0.002424,0.014976,0.002518,0.082252,0.024845,0.045009,0.067864
-0.023704,-0.027789,-0.160059,0.058636,0.072975,0.005631,-0.101933,-0.010856,0.054265,-0.073979,-0.206946,-0.002258,0.263421,-0.261858,-0.176743,0.044868,0.093523,-0.244764,-0.124689,-0.127256,-0.103444,-0.05373,-0.10366,-0.229501,-0.006668,-0.218137,-0.007114,0.003224,-0.13001825,-0.21737,0.134456,-0.349283,-0.183467,0.013062,0.071368,-0.087385,-0.065899,-0.040914,-0.116641,-0.095081,-0.141711,-0.102969,-0.194252,-0.030491,-0.158642,-0.17914875,-0.0152375,0.153665,0.085738,-0.1572344,-0.107129,0.038267,-0.071499,0.03291225,-0.030128,0.051605,-0.046082,0.037783,-0.164325,0.081233,0.052466,0.008268,0.021423,-0.022034,-0.090247,0.016007,-0.0679382,0.215936,0.037741,-0.089612,-0.100161,0.197756,0.250415,0.193732,0.283216,0.429047,0.287495,0.298667,0.302266,0.101945,0.192048,0.30555,0.148725,0.523975,0.23864,0.040194,0.106388
-0.400766,-0.450529,-0.505207,-0.325763,-0.359908,-0.356481,-0.48224,-0.4168736,-0.426367,-0.431359,-0.423298,-0.446863,-0.273006,-0.186245,-0.304514,-0.325738,-0.315817,-0.348588,-0.372985,-0.325668,-0.355015,-0.31738,-0.438543,-0.559516,-0.37142875,-0.464428,-0.348892,-0.371844,0.204581,-0.165294,-0.358195,-0.120251,0.069678,-0.313592,-0.285356,-0.339609,-0.376001,-0.284264,-0.244631,-0.375835,-0.471021,-0.19119,-0.133648,-0.303849,-0.312148,-0.452503,-0.306539,-0.421834,-0.262936,0.2904842,-0.184594,-0.33961,-0.291301,0.755665,0.052867,0.024802,0.849649,0.732523,0.186421,-0.017522,-0.231011,-0.125063,-0.259161,-0.099322,-0.035675,-0.132189,0.600747,0.095388,1.266877,0.287514,0.416883,-0.094573,-0.386505,-0.042528,-0.322941,-0.336393,-0.359322,-0.415901,-0.2284458,-0.113071,-0.144934,0.082458,0.05811,0.085552,0.106189,0.10528,0.115241
0.036624,-0.060531,0.030595,-0.149456,0.192654,-0.011872,0.049114,-0.010526,0.016042,-0.105242,-0.011669,-0.099896,-0.003424,0.028396,0.11378,0.1601284,0.330965,0.17045,0.117099,-0.053168,-0.023454,-0.270259,0.14061,0.064242,-0.016701,-0.145848,0.041806,0.057261,0.015977,0.223073,-0.133514,-0.176251,-0.072934,-0.023068,0.122556,0.233725,0.001066,1.854697,3.020278,0.601227,0.594336,0.073224,-0.107621,0.158011,-0.122855,-0.148903,0.101697,-0.011065,-0.203568,0.371263,-0.177538,-0.155023,-0.166512,0.120637,0.315126,0.266511,0.027762,-0.140338,-0.132751,0.212004,0.177619,-0.053171,0.240692,0.053621,0.105859,-0.212019,-0.170233,-0.274776,-0.0072648,0.16064,-0.109279,0.2041316,-0.01,-0.215926,0.154431,0.307528,0.213734,0.008241,0.161447,0.011353,0.01586,0.276838,-0.048105,-0.055602,0.159892,0.318473,0.08641325
-0.0619162,-0.008669,0.165058,-0.114046,-0.009491,-0.013575,0.160422,0.034162,0.016471,-0.0094505,0.054788,-0.113177,-0.095859,-0.001013,-0.213625,0.0275434,-0.101327,0.119805,0.094568,-0.013441,-0.075165,0.060034,0.129228,-0.191412,-0.03319,-0.038927,0.036271,0.057162,-0.01586,0.057268,0.024593,0.015192,-0.105584,0.045585,0.060905,0.07256,0.004543,-0.083351,-0.149929,-0.04612,0.049946,-0.074635,-0.250083,0.176875,-0.079496,-0.034039,0.020867,0.074866,0.079369,0.072329,-0.12605,-0.01157,-0.193788,0.097984,0.007858,-0.025317,0.01292,0.044356,0.0280088,0.032851,0.032469,-0.014964,-0.006147,0.0128698,0.076804,0.045332,-0.024246,0.069752,-0.000795,-0.053042,0.005636,-0.002854,-0.124729,0.023551,-0.114565,0.045244,-0.018988,0.037216,0.067017,0.020046,0.002046,0.053234,-0.109305,-0.052759,-0.0019692,0.070045,-0.155372
0.000273,-0.067472,0.094737,0.01738,0.00589,0.057625,-0.064215,0.029108,0.096393,0.005574,-0.003743,0.021887,-0.016639,-0.003358,-0.001291,0.090704,-0.006651,0.075727,-0.059672,0.050462,-0.027344,-0.02973,0.094621,0.038992,0.026252,-0.064059,-0.00523,-0.00716,-0.036425,0.049502,-0.041356,0.030399,-0.058922,0.050974,0.181328,0.122355,-0.004724,9.00E-04,0.031683,0.037428,0.156061,0.080657,-0.049382,0.033134,-0.05257,0.026538,0.025709,0.085708,0.060488,0.168622,-0.122986,0.032638,-0.14785175,0.070852,0.091558,-0.015013,0.029926,0.006793,0.058516,0.14141,0.092064,0.024466,-0.00215,0.130241,-0.023089,-0.008347,0.117207,0.009373,0.109805,0.162846,0.068971,0.129776,-0.060028,-0.080417,0,0.267189,-0.030753,0.060175,0.18396,0.031814,0.046747,0.206307,0.020688,-0.025489,0.142545,0.088788,0.07359
-0.238821,-0.3216964,-0.320006,-0.19363,-0.289796,-0.128795,-0.342022,-0.249074,-0.179499,-0.104207,-0.143962,-0.1902742,-0.3213366,-0.237678,-0.132351,-0.230877,-0.2651812,-0.358424,-0.275724,-0.388538,-0.375588,-0.411905,-0.256151,-0.274726,-0.237022,-0.271144,0.148323,0.236694,0.189214,-0.119649,-0.068015,-0.018604,0.06985,-0.06853,0.030357,-0.053437,0.105007,0.048825,0.237462,0.125851,0.005895,0.079326,0.070283,0.105759,0.0225,-0.244363,-0.219072,0.22714,0.230883,-0.017294,-0.0993838,-0.300306,-0.264203,0.161036,-0.084179,0.004526,-0.024958,0.08761,-0.048301,-0.015988,0.035831,0.111079,-0.091825,-0.053296,0.016108,0.153429,0.130495,0.226731,-0.033931,-0.133485,0.088376,0.024398,-0.171085,0.066517,0.239097,0.386569,0.266075,0.204544,0.243588,0.105022,0.090265,0.105457,0.030369,-0.056071,0.066789,-0.062716,0.346382
